Suite/Test/Step Name,Browser,Description,Start time,End time,Duration,Status
07 Inden Kerja - EFT - Perak,Chrome 73.0.3683.103,,2019-04-09 10:57:17,2019-04-09 11:11:11,13m - 54.564s,FAILED
,,,,,,
Test Cases/Perolehan/002 Rekod Baru oleh Penyedia/009 Inden Kerja - EFT,Chrome 73.0.3683.103,this is a test case to create REKOD BARU for Inden Kerja for 7011 env,2019-04-09 10:57:17,2019-04-09 10:58:48,1m - 31.296s,PASSED
"callTestCase(findTestCase(""Perolehan/001 Left Menu Selection/Select Menu Pesanan Tempatan""), [:], STOP_ON_FAILURE)",Chrome 73.0.3683.103,Call test to open menu sisi and then select pesanan tempatan / inden kerja,2019-04-09 10:57:18,2019-04-09 10:58:02,44.389s,PASSED
"rekodbaru = findWebElement(findTestObject(""Perolehan/002 Penyedia_RekodBaru/005 Rekod Baru Inden Kerja/button_Rekod_Baru""), 300)",Chrome 73.0.3683.103,declare object to find as an element,2019-04-09 10:58:02,2019-04-09 10:58:02,0.049s,PASSED
"executeJavaScript(""arguments[0].click"", Arrays.asList(rekodbaru))",Chrome 73.0.3683.103,click on the element using javascript,2019-04-09 10:58:02,2019-04-09 10:58:02,0.209s,PASSED
delay(5),Chrome 73.0.3683.103,,2019-04-09 10:58:02,2019-04-09 10:58:07,5.005s,PASSED
"click(findTestObject(""Perolehan/002 Penyedia_RekodBaru/005 Rekod Baru Inden Kerja/button_Rekod_Baru""))",Chrome 73.0.3683.103,Click Rekod Baru button,2019-04-09 10:58:07,2019-04-09 10:58:07,0.068s,PASSED
delay(3),Chrome 73.0.3683.103,delay,2019-04-09 10:58:07,2019-04-09 10:58:10,3.005s,PASSED
"click(findTestObject(""Perolehan/002 Penyedia_RekodBaru/005 Rekod Baru Inden Kerja/Drop_down_Jenis_Urusniaga""))",Chrome 73.0.3683.103,Click on drop down Jenis Urusniaga,2019-04-09 10:58:10,2019-04-09 10:58:11,0.111s,PASSED
delay(2),Chrome 73.0.3683.103,delay,2019-04-09 10:58:11,2019-04-09 10:58:13,2.004s,PASSED
mydate = new java.util.Date(),Chrome 73.0.3683.103,Get todays year and date,2019-04-09 10:58:13,2019-04-09 10:58:13,0.011s,PASSED
"click(findTestObject(""Perolehan/002 Penyedia_RekodBaru/005 Rekod Baru Inden Kerja/select_INDEN KERJA AUTO""))",Chrome 73.0.3683.103,Select inden kerja auto from the drop down list,2019-04-09 10:58:13,2019-04-09 10:58:13,0.101s,PASSED
"click(findTestObject(""Perolehan/002 Penyedia_RekodBaru/005 Rekod Baru Inden Kerja/Drop_down_Pembekal""))",Chrome 73.0.3683.103,click on drop down nama pembekal,2019-04-09 10:58:13,2019-04-09 10:58:13,0.124s,PASSED
"setText(findTestObject(""Perolehan/002 Penyedia_RekodBaru/007 Rekod Baru Pesanan Tempatan/input_kod_pembekal""), kod_pembekal)",Chrome 73.0.3683.103,input nama pembekal green miracle enterprise in the filter textbox,2019-04-09 10:58:13,2019-04-09 10:58:13,0.453s,PASSED
"click(findTestObject(""Perolehan/002 Penyedia_RekodBaru/005 Rekod Baru Inden Kerja/select_nama_pembekal"", [""text"":kod_pembekal]))",Chrome 73.0.3683.103,select nama pembekal from the filter result,2019-04-09 10:58:13,2019-04-09 10:58:14,0.632s,PASSED
"click(findTestObject(""Perolehan/002 Penyedia_RekodBaru/005 Rekod Baru Inden Kerja/Date_Picker_Sila_Bekalkan""))",Chrome 73.0.3683.103,click on the calendar date picker for sila bekalkan,2019-04-09 10:58:14,2019-04-09 10:58:14,0.102s,PASSED
delay(3),Chrome 73.0.3683.103,delay,2019-04-09 10:58:14,2019-04-09 10:58:17,3.005s,PASSED
"click(findTestObject(""Perolehan/002 Penyedia_RekodBaru/005 Rekod Baru Inden Kerja/Date_Picker_Next_month""))",Chrome 73.0.3683.103,click next month from the calendar picker,2019-04-09 10:58:17,2019-04-09 10:58:17,0.082s,PASSED
"click(findTestObject(""Perolehan/002 Penyedia_RekodBaru/005 Rekod Baru Inden Kerja/Date_Picker_Select_date_26th""))",Chrome 73.0.3683.103,select date 26th of the month,2019-04-09 10:58:17,2019-04-09 10:58:17,0.069s,PASSED
"setText(findTestObject(""Perolehan/002 Penyedia_RekodBaru/005 Rekod Baru Inden Kerja/input_no_tanggungan""), ""2"")",Chrome 73.0.3683.103,input no tanggungan,2019-04-09 10:58:17,2019-04-09 10:58:17,0.094s,PASSED
"setText(findTestObject(""Perolehan/002 Penyedia_RekodBaru/005 Rekod Baru Inden Kerja/input_amaun_tanggungan""), ""100"")",Chrome 73.0.3683.103,input amaun tanggungan,2019-04-09 10:58:17,2019-04-09 10:58:17,0.102s,PASSED
"setText(findTestObject(""Perolehan/002 Penyedia_RekodBaru/005 Rekod Baru Inden Kerja/input_ringkasan_kerja""), ""ringkasan kerja untuk inden kerja"")",Chrome 73.0.3683.103,input ringkasan kerja,2019-04-09 10:58:17,2019-04-09 10:58:18,0.258s,PASSED
RN = Math.random() * 100000,Chrome 73.0.3683.103,int RN is created to generete random number,2019-04-09 10:58:18,2019-04-09 10:58:18,0.008s,PASSED
"setText(findTestObject(""Perolehan/002 Penyedia_RekodBaru/005 Rekod Baru Inden Kerja/input_rujukan_fail""), ""IK00"" + RN)",Chrome 73.0.3683.103,input rujukan fail as random number that starts with IK00 + RN number,2019-04-09 10:58:18,2019-04-09 10:58:18,0.132s,PASSED
"IKno_rujukan = ""IK00"" + RN",Chrome 73.0.3683.103,get Input Rujukan fail value,2019-04-09 10:58:18,2019-04-09 10:58:18,0.000s,PASSED
println(IKno_rujukan),Chrome 73.0.3683.103,print the value into console for display,2019-04-09 10:58:18,2019-04-09 10:58:18,0.002s,PASSED
"setText(findTestObject(""Perolehan/002 Penyedia_RekodBaru/005 Rekod Baru Inden Kerja/input_kerja_terperinci""), ""kerja terperinci "" + mydate)",Chrome 73.0.3683.103,input kerja terperinci with current date and time stamp,2019-04-09 10:58:18,2019-04-09 10:58:18,0.172s,PASSED
"setText(findTestObject(""Perolehan/002 Penyedia_RekodBaru/005 Rekod Baru Inden Kerja/input_Perihal""), ""test inden kerja cara bayaran EFT "" + mydate)",Chrome 73.0.3683.103,input perihal test with current date and time stamp,2019-04-09 10:58:18,2019-04-09 10:58:18,0.192s,PASSED
"click(findTestObject(""Perolehan/002 Penyedia_RekodBaru/005 Rekod Baru Inden Kerja/tambah_maklumat_terperinci""))",Chrome 73.0.3683.103,Click on button add to add maklumat terperinci details,2019-04-09 10:58:18,2019-04-09 10:58:18,0.166s,PASSED
delay(3),Chrome 73.0.3683.103,delay,2019-04-09 10:58:18,2019-04-09 10:58:21,3.004s,PASSED
"click(findTestObject(""Perolehan/002 Penyedia_RekodBaru/005 Rekod Baru Inden Kerja/Drop_down_Vot_Dana""))",Chrome 73.0.3683.103,click on drop down vot dana,2019-04-09 10:58:21,2019-04-09 10:58:21,0.247s,PASSED
delay(3),Chrome 73.0.3683.103,delay,2019-04-09 10:58:21,2019-04-09 10:58:24,3.004s,PASSED
"setText(findTestObject(""Perolehan/002 Penyedia_RekodBaru/007 Rekod Baru Pesanan Tempatan/Input_Vot_Dana""), Vot_dana)",Chrome 73.0.3683.103,input vot dana kod value B31 to filter for this kod ,2019-04-09 10:58:24,2019-04-09 10:58:25,0.208s,PASSED
"click(findTestObject(""Perolehan/002 Penyedia_RekodBaru/005 Rekod Baru Inden Kerja/select_Vot_dana"", [""text"":Vot_dana]))",Chrome 73.0.3683.103,select vot dana from filter result,2019-04-09 10:58:25,2019-04-09 10:58:25,0.112s,PASSED
"click(findTestObject(""Perolehan/002 Penyedia_RekodBaru/005 Rekod Baru Inden Kerja/Drop_down_Program_Aktiviti""))",Chrome 73.0.3683.103,Click drop down program aktiviti,2019-04-09 10:58:25,2019-04-09 10:58:25,0.121s,PASSED
delay(3),Chrome 73.0.3683.103,delay,2019-04-09 10:58:25,2019-04-09 10:58:28,3.003s,PASSED
"setText(findTestObject(""Perolehan/002 Penyedia_RekodBaru/007 Rekod Baru Pesanan Tempatan/input_Kod_Program_Aktiviti""), kod_program_aktiviti)",Chrome 73.0.3683.103,input program aktiviti kod value 160080 to filter for this kod,2019-04-09 10:58:28,2019-04-09 10:58:28,0.285s,PASSED
"click(findTestObject(""Perolehan/002 Penyedia_RekodBaru/005 Rekod Baru Inden Kerja/select_ProgramAktiviti"", [""text"":kod_program_aktiviti]))",Chrome 73.0.3683.103,select program aktiviti kod from filter result,2019-04-09 10:58:28,2019-04-09 10:58:28,0.096s,PASSED
"click(findTestObject(""Perolehan/002 Penyedia_RekodBaru/005 Rekod Baru Inden Kerja/Drop_down_Kod_Akaun""))",Chrome 73.0.3683.103,click drop down kod akaun,2019-04-09 10:58:28,2019-04-09 10:58:28,0.094s,PASSED
"setText(findTestObject(""Perolehan/002 Penyedia_RekodBaru/007 Rekod Baru Pesanan Tempatan/input_kod_Akaun""), kod_akaun)",Chrome 73.0.3683.103,input kod akaun value B0227102 to filter for this kod,2019-04-09 10:58:28,2019-04-09 10:58:29,0.349s,PASSED
"click(findTestObject(""Perolehan/002 Penyedia_RekodBaru/005 Rekod Baru Inden Kerja/select_Kod_Akaun_Alat_tulis"", [""text"":kod_akaun]))",Chrome 73.0.3683.103,select kod akaun from filter result,2019-04-09 10:58:29,2019-04-09 10:58:29,0.670s,PASSED
"setText(findTestObject(""Perolehan/002 Penyedia_RekodBaru/005 Rekod Baru Inden Kerja/input_kuantiti""), ""7"")",Chrome 73.0.3683.103,input kuantiti as 7,2019-04-09 10:58:29,2019-04-09 10:58:30,0.148s,PASSED
"setText(findTestObject(""Perolehan/002 Penyedia_RekodBaru/005 Rekod Baru Inden Kerja/input_harga_seunit""), ""1.58"")",Chrome 73.0.3683.103,input harga seunit as 1.58,2019-04-09 10:58:30,2019-04-09 10:58:30,0.223s,PASSED
"click(findTestObject(""Perolehan/002 Penyedia_RekodBaru/005 Rekod Baru Inden Kerja/button_simpan_maklumat_terperinci""))",Chrome 73.0.3683.103,Click on icon simpan maklumat terperinci button,2019-04-09 10:58:30,2019-04-09 10:58:30,0.090s,PASSED
delay(3),Chrome 73.0.3683.103,delay,2019-04-09 10:58:30,2019-04-09 10:58:33,3.003s,PASSED
"click(findTestObject(""Perolehan/002 Penyedia_RekodBaru/005 Rekod Baru Inden Kerja/button_OK_peruntukan_mencukupi""))",Chrome 73.0.3683.103,Click on OK button to close the popup message budget is sufficient ,2019-04-09 10:58:33,2019-04-09 10:58:33,0.077s,PASSED
delay(3),Chrome 73.0.3683.103,delay,2019-04-09 10:58:33,2019-04-09 10:58:36,3.003s,PASSED
"click(findTestObject(""Perolehan/002 Penyedia_RekodBaru/005 Rekod Baru Inden Kerja/button_Simpan""))",Chrome 73.0.3683.103,Click on Simpan button to save the record,2019-04-09 10:58:36,2019-04-09 10:58:36,0.102s,PASSED
delay(3),Chrome 73.0.3683.103,delay,2019-04-09 10:58:36,2019-04-09 10:58:39,3.002s,PASSED
"click(findTestObject(""Perolehan/002 Penyedia_RekodBaru/005 Rekod Baru Inden Kerja/button_OK_rekod_berjaya_disimpan""))",Chrome 73.0.3683.103,Click on OK button to close the popup message record is saved successfully,2019-04-09 10:58:39,2019-04-09 10:58:39,0.230s,PASSED
"click(findTestObject(""Perolehan/002 Penyedia_RekodBaru/005 Rekod Baru Inden Kerja/button_Senarai_Semak""))",Chrome 73.0.3683.103,Click Senarai semak button to open senarai semak checkbox list,2019-04-09 10:58:39,2019-04-09 10:58:39,0.095s,PASSED
delay(3),Chrome 73.0.3683.103,delay,2019-04-09 10:58:39,2019-04-09 10:58:42,3.004s,PASSED
"check(findTestObject(""Perolehan/002 Penyedia_RekodBaru/005 Rekod Baru Inden Kerja/senarai_semak1""))",Chrome 73.0.3683.103,Check on senarai semak item,2019-04-09 10:58:42,2019-04-09 10:58:43,0.120s,PASSED
"check(findTestObject(""Perolehan/002 Penyedia_RekodBaru/005 Rekod Baru Inden Kerja/senarai_semak2""))",Chrome 73.0.3683.103,Check on senarai semak item,2019-04-09 10:58:43,2019-04-09 10:58:43,0.083s,PASSED
"check(findTestObject(""Perolehan/002 Penyedia_RekodBaru/005 Rekod Baru Inden Kerja/senarai_semak3""))",Chrome 73.0.3683.103,Check on senarai semak item,2019-04-09 10:58:43,2019-04-09 10:58:43,0.074s,PASSED
"click(findTestObject(""Perolehan/002 Penyedia_RekodBaru/005 Rekod Baru Inden Kerja/button_simpan_senarai_semak""))",Chrome 73.0.3683.103,Click simpan senarai semak button to save senarai semak info,2019-04-09 10:58:43,2019-04-09 10:58:43,0.087s,PASSED
"click(findTestObject(""Perolehan/002 Penyedia_RekodBaru/005 Rekod Baru Inden Kerja/button_OK_maklumat_berjaya_disimpan""))",Chrome 73.0.3683.103,Click on OK button to close the popup message recors is saved successfully,2019-04-09 10:58:43,2019-04-09 10:58:43,0.609s,PASSED
"click(findTestObject(""Perolehan/002 Penyedia_RekodBaru/005 Rekod Baru Inden Kerja/button_X_close_senarai_semak""))",Chrome 73.0.3683.103,Click X button on top left to close Senarai Semak screen,2019-04-09 10:58:43,2019-04-09 10:58:43,0.073s,PASSED
"Total = getText(findTestObject(""Perolehan/002 Penyedia_RekodBaru/0022 Sah_Simpan/TotalAmaunPT""))",Chrome 73.0.3683.103,Get the total Amaun,2019-04-09 10:58:43,2019-04-09 10:58:44,0.050s,PASSED
println(Total),Chrome 73.0.3683.103,print Total,2019-04-09 10:58:44,2019-04-09 10:58:44,0.000s,PASSED
TotalAmaunPT = Total,Chrome 73.0.3683.103,set global variable value of TotalAmaun with variable Total,2019-04-09 10:58:44,2019-04-09 10:58:44,0.000s,PASSED
"click(findTestObject(""Perolehan/002 Penyedia_RekodBaru/005 Rekod Baru Inden Kerja/button_sah_simpan""))",Chrome 73.0.3683.103,Click sah simpam button to confirm save record,2019-04-09 10:58:44,2019-04-09 10:58:44,0.084s,PASSED
"click(findTestObject(""Perolehan/002 Penyedia_RekodBaru/005 Rekod Baru Inden Kerja/button_Ya_Sah_Simpan""))",Chrome 73.0.3683.103,Click Ya button to confirm action,2019-04-09 10:58:44,2019-04-09 10:58:44,0.097s,PASSED
"PTRekodberjayaID = getText(findTestObject(""Perolehan/002 Penyedia_RekodBaru/005 Rekod Baru Inden Kerja/Rekod_berjaya_No_Rekod""))",Chrome 73.0.3683.103,get value of record id ,2019-04-09 10:58:44,2019-04-09 10:58:44,0.581s,PASSED
println(PTRekodberjayaID),Chrome 73.0.3683.103,print PTRekodberjayaID,2019-04-09 10:58:44,2019-04-09 10:58:44,0.001s,PASSED
PTRekodID = PTRekodberjayaID[(47..61)],Chrome 73.0.3683.103,Take only the PTRekodID value from the get text,2019-04-09 10:58:44,2019-04-09 10:58:44,0.003s,PASSED
println(PTRekodID),Chrome 73.0.3683.103,print the value,2019-04-09 10:58:44,2019-04-09 10:58:44,0.000s,PASSED
PesananTempatanRekodID = PTRekodID,Chrome 73.0.3683.103,set global variable value of PesananTempatanRekodID with variable PTRekodID,2019-04-09 10:58:44,2019-04-09 10:58:44,0.001s,PASSED
delay(3),Chrome 73.0.3683.103,delay,2019-04-09 10:58:44,2019-04-09 10:58:47,3.001s,PASSED
takeScreenshot(),Chrome 73.0.3683.103,take screenshot of the popup message with record id for reference,2019-04-09 10:58:47,2019-04-09 10:58:48,0.326s,PASSED
"element = findWebElement(findTestObject(""Perolehan/002 Penyedia_RekodBaru/005 Rekod Baru Inden Kerja/button_OK_berjaya_disah_simpan""), 300)",Chrome 73.0.3683.103,declare object to find as an element,2019-04-09 10:58:48,2019-04-09 10:58:48,0.015s,PASSED
"executeJavaScript(""arguments[0].click"", Arrays.asList(element))",Chrome 73.0.3683.103,click on the element using javascript,2019-04-09 10:58:48,2019-04-09 10:58:48,0.025s,PASSED
"click(findTestObject(""Perolehan/002 Penyedia_RekodBaru/005 Rekod Baru Inden Kerja/button_OK_berjaya_disah_simpan""))",Chrome 73.0.3683.103,click OK button to close the popup message,2019-04-09 10:58:48,2019-04-09 10:58:48,0.066s,PASSED
closeBrowser(),Chrome 73.0.3683.103,close browser,2019-04-09 10:58:48,2019-04-09 10:58:48,0.671s,PASSED
,,,,,,
Test Cases/Perolehan/003 Pengesahan Pesanan Tempatan/Pengesahan,Chrome 73.0.3683.103,Penyemak will access the dashboard and semak record,2019-04-09 10:58:48,2019-04-09 11:00:01,1m - 12.755s,PASSED
"openBrowser("""")",Chrome 73.0.3683.103,,2019-04-09 10:58:49,2019-04-09 10:58:51,2.123s,PASSED
navigateToUrl(URL_Homepage),Chrome 73.0.3683.103,,2019-04-09 10:58:51,2019-04-09 10:58:52,0.690s,PASSED
"reusablefunctions.reusablefunctions.Login(PengesahBN, findTestData(""ispekstestdata"").getValue(2, 6))",Chrome 73.0.3683.103,Login into the system,2019-04-09 10:58:52,2019-04-09 10:59:03,11.364s,PASSED
"click(findTestObject(""Perolehan/TukarPeranan/IconTukarPeranan""))",Chrome 73.0.3683.103,Click on icon Tukar Peranan,2019-04-09 10:59:03,2019-04-09 10:59:03,0.081s,PASSED
"click(findTestObject(""Perolehan/TukarPeranan/input_TukarPeranan"", [""value"":RBPengesahBN]))",Chrome 73.0.3683.103,Click Radio Button Penyedia PTJ,2019-04-09 10:59:03,2019-04-09 10:59:03,0.104s,PASSED
"click(findTestObject(""Perolehan/TukarPeranan/button_Ya""))",Chrome 73.0.3683.103,Click Ya to confirm change of role,2019-04-09 10:59:03,2019-04-09 10:59:03,0.064s,PASSED
delay(20),Chrome 73.0.3683.103,,2019-04-09 10:59:03,2019-04-09 10:59:23,20.001s,PASSED
"verifyTextPresent(""Peranan : [Pengesah] Peringkat : [BN]"", false)",Chrome 73.0.3683.103,Verify Peranan is now Penyemak BN,2019-04-09 10:59:23,2019-04-09 10:59:26,2.567s,PASSED
delay(5),Chrome 73.0.3683.103,,2019-04-09 10:59:26,2019-04-09 10:59:31,5.004s,PASSED
"click(findTestObject(""Perolehan/001 Left_Menu_Selection/a_ExpandMenuonLeft""))",Chrome 73.0.3683.103,,2019-04-09 10:59:31,2019-04-09 10:59:31,0.465s,PASSED
"delay(3, STOP_ON_FAILURE)",Chrome 73.0.3683.103,Delay,2019-04-09 10:59:31,2019-04-09 10:59:34,3.002s,PASSED
"click(findTestObject(""Perolehan/001 Left_Menu_Selection/div_PanelTitlePerolehan""))",Chrome 73.0.3683.103,Select Perolehan Sub-menu,2019-04-09 10:59:34,2019-04-09 10:59:34,0.088s,PASSED
"delay(3, STOP_ON_FAILURE)",Chrome 73.0.3683.103,Delay,2019-04-09 10:59:34,2019-04-09 10:59:37,3.002s,PASSED
"click(findTestObject(""Perolehan/001 Left_Menu_Selection/div_PesananTempatan""))",Chrome 73.0.3683.103,Click on Menu sisi,2019-04-09 10:59:37,2019-04-09 10:59:37,0.149s,PASSED
delay(3),Chrome 73.0.3683.103,Pesanan Tempatan page loaded successfully,2019-04-09 10:59:37,2019-04-09 10:59:40,3.004s,PASSED
"setText(findTestObject(""Perolehan/003 Pengesah/input_No_Rekod""), PesananTempatanRekodID)",Chrome 73.0.3683.103,input no record based on global variable value captured during sah simpan,2019-04-09 10:59:40,2019-04-09 10:59:41,0.353s,PASSED
"doubleClick(findTestObject(""Perolehan/003 Pengesah/Senarai_Tugas_Item_No_1"", [""text"":PesananTempatanRekodID]))",Chrome 73.0.3683.103,Select first row from the list of Senarai Tugas,2019-04-09 10:59:41,2019-04-09 10:59:41,0.086s,PASSED
delay(3),Chrome 73.0.3683.103,delay,2019-04-09 10:59:41,2019-04-09 10:59:44,3.004s,PASSED
mydate = new java.util.Date(),Chrome 73.0.3683.103,Get todays year and date,2019-04-09 10:59:44,2019-04-09 10:59:44,0.002s,PASSED
"formattedDate = mydate.format(""dd/MM/yyyy"")",Chrome 73.0.3683.103,Get todays date with format dd/MM/yyyy,2019-04-09 10:59:44,2019-04-09 10:59:44,0.002s,PASSED
"formattedYear = mydate.format(""yyyy"")",Chrome 73.0.3683.103,Get year with format yyyy,2019-04-09 10:59:44,2019-04-09 10:59:44,0.001s,PASSED
println(formattedDate),Chrome 73.0.3683.103,print date in format dd/mm/yy,2019-04-09 10:59:44,2019-04-09 10:59:44,0.000s,PASSED
println(formattedYear),Chrome 73.0.3683.103,print year in format yyyy,2019-04-09 10:59:44,2019-04-09 10:59:44,0.000s,PASSED
"TahunKewangan = getText(findTestObject(""Perolehan/003 Pengesah/Label_tahun_kewangan""))",Chrome 73.0.3683.103,Get Tahun Kewangan from screen,2019-04-09 10:59:44,2019-04-09 10:59:44,0.065s,PASSED
"verifyMatch(TahunKewangan, formattedYear, false)",Chrome 73.0.3683.103,verify tahun kewangan matches current year,2019-04-09 10:59:44,2019-04-09 10:59:44,0.000s,PASSED
"TarikhSemasa = getText(findTestObject(""Perolehan/003 Pengesah/Label_Tarikh_semasa""))",Chrome 73.0.3683.103,Get value of tarikh semasa,2019-04-09 10:59:44,2019-04-09 10:59:44,0.058s,PASSED
"verifyMatch(TarikhSemasa, formattedDate, false)",Chrome 73.0.3683.103,verify tarikh semasa matches system date,2019-04-09 10:59:44,2019-04-09 10:59:44,0.000s,PASSED
delay(3),Chrome 73.0.3683.103,delay,2019-04-09 10:59:44,2019-04-09 10:59:47,3.002s,PASSED
"jumlah = getText(findTestObject(""Perolehan/003 Pengesah/label_Jumlah_pesanan_tempatan""))",Chrome 73.0.3683.103,get jumlah pesanan tempatan value ,2019-04-09 10:59:47,2019-04-09 10:59:47,0.053s,PASSED
println(jumlah),Chrome 73.0.3683.103,print jumlah,2019-04-09 10:59:47,2019-04-09 10:59:47,0.000s,PASSED
"verifyMatch(jumlah, TotalAmaunPT, false)",Chrome 73.0.3683.103,verify that jumlah pesanan tempatan is same as the record created by penyedia,2019-04-09 10:59:47,2019-04-09 10:59:47,0.000s,PASSED
"click(findTestObject(""Perolehan/003 Pengesah/button_sah""))",Chrome 73.0.3683.103,Click on Sah button to sah,2019-04-09 10:59:47,2019-04-09 10:59:47,0.101s,PASSED
delay(3),Chrome 73.0.3683.103,delay,2019-04-09 10:59:47,2019-04-09 10:59:50,3.004s,PASSED
"click(findTestObject(""Perolehan/003 Pengesah/Button_ya_sahkan""))",Chrome 73.0.3683.103,click on Ya to confirm sah,2019-04-09 10:59:50,2019-04-09 10:59:50,0.093s,PASSED
delay(5),Chrome 73.0.3683.103,Delay,2019-04-09 10:59:50,2019-04-09 10:59:55,5.004s,PASSED
"waitForElementClickable(findTestObject(""Perolehan/003 Pengesah/button_OK_berjaya_disah""), 60)",Chrome 73.0.3683.103,wait for the element to become clickable,2019-04-09 10:59:55,2019-04-09 10:59:55,0.076s,PASSED
"waitForElementClickable(findTestObject(""Perolehan/002 Penyedia_RekodBaru/001 Rekod Baru Pesanan Tempatan/button_OK_Rekod_Berjaya_disimpan""), 300)",Chrome 73.0.3683.103,wait for the element to be clickable,2019-04-09 10:59:55,2019-04-09 10:59:55,0.040s,PASSED
"element = findWebElement(findTestObject(""Perolehan/003 Pengesah/button_OK_berjaya_disah""), 300)",Chrome 73.0.3683.103,declare object to find as an element,2019-04-09 10:59:55,2019-04-09 10:59:55,0.058s,PASSED
"executeJavaScript(""arguments[0].click"", Arrays.asList(element))",Chrome 73.0.3683.103,click on the element using javascript,2019-04-09 10:59:55,2019-04-09 10:59:55,0.008s,PASSED
delay(5),Chrome 73.0.3683.103,Delay,2019-04-09 10:59:55,2019-04-09 11:00:00,5.004s,PASSED
"click(findTestObject(""Perolehan/003 Pengesah/button_OK_berjaya_disah""))",Chrome 73.0.3683.103,click on OK to close the prompt after Sah is complete,2019-04-09 11:00:00,2019-04-09 11:00:00,0.070s,PASSED
closeBrowser(),Chrome 73.0.3683.103,close browser,2019-04-09 11:00:00,2019-04-09 11:00:01,0.655s,PASSED
,,,,,,
Test Cases/Perolehan/004 Pelulus Pesanan Tempatan/Pelulus,Chrome 73.0.3683.103,Pelulus will access the dashboard and lulus record,2019-04-09 11:00:01,2019-04-09 11:01:32,1m - 30.541s,PASSED
"openBrowser("""")",Chrome 73.0.3683.103,,2019-04-09 11:00:01,2019-04-09 11:00:04,2.138s,PASSED
navigateToUrl(URL_Homepage),Chrome 73.0.3683.103,,2019-04-09 11:00:04,2019-04-09 11:00:04,0.501s,PASSED
"reusablefunctions.reusablefunctions.Login(PelulusPTJ, findTestData(""ispekstestdata"").getValue(2, 7))",Chrome 73.0.3683.103,Login into the system,2019-04-09 11:00:04,2019-04-09 11:00:16,11.481s,PASSED
"click(findTestObject(""Perolehan/TukarPeranan/IconTukarPeranan""))",Chrome 73.0.3683.103,Click on icon Tukar Peranan,2019-04-09 11:00:16,2019-04-09 11:00:16,0.084s,PASSED
"click(findTestObject(""Perolehan/TukarPeranan/input_TukarPeranan"", [""value"":RBPelulusPTJ]))",Chrome 73.0.3683.103,Click Radio Button Penyedia PTJ,2019-04-09 11:00:16,2019-04-09 11:00:16,0.097s,PASSED
"click(findTestObject(""Perolehan/TukarPeranan/button_Ya""))",Chrome 73.0.3683.103,Click Ya to confirm change of role,2019-04-09 11:00:16,2019-04-09 11:00:16,0.066s,PASSED
delay(20),Chrome 73.0.3683.103,,2019-04-09 11:00:16,2019-04-09 11:00:36,20.003s,PASSED
"verifyTextPresent(""Peranan : [Pelulus] Peringkat : [PTJ]"", false)",Chrome 73.0.3683.103,Verify Peranan is now Pelulus PTJ,2019-04-09 11:00:36,2019-04-09 11:00:38,2.524s,PASSED
delay(5),Chrome 73.0.3683.103,,2019-04-09 11:00:38,2019-04-09 11:00:43,5.003s,PASSED
"click(findTestObject(""Perolehan/001 Left_Menu_Selection/a_ExpandMenuonLeft""))",Chrome 73.0.3683.103,,2019-04-09 11:00:43,2019-04-09 11:00:44,0.446s,PASSED
"delay(3, STOP_ON_FAILURE)",Chrome 73.0.3683.103,Delay,2019-04-09 11:00:44,2019-04-09 11:00:47,3.004s,PASSED
"click(findTestObject(""Perolehan/001 Left_Menu_Selection/div_PanelTitlePerolehan""))",Chrome 73.0.3683.103,Select Perolehan Sub-menu,2019-04-09 11:00:47,2019-04-09 11:00:47,0.082s,PASSED
"delay(3, STOP_ON_FAILURE)",Chrome 73.0.3683.103,Delay,2019-04-09 11:00:47,2019-04-09 11:00:50,3.003s,PASSED
"click(findTestObject(""Perolehan/001 Left_Menu_Selection/div_PesananTempatan""))",Chrome 73.0.3683.103,Click on Menu sisi,2019-04-09 11:00:50,2019-04-09 11:00:50,0.159s,PASSED
delay(3),Chrome 73.0.3683.103,Pesanan Tempatan page loaded successfully,2019-04-09 11:00:50,2019-04-09 11:00:53,3.003s,PASSED
"setText(findTestObject(""Perolehan/004 Pelulus/input_No_Rekod""), PesananTempatanRekodID)",Chrome 73.0.3683.103,input no record based on global variable value captured during sah simpan,2019-04-09 11:00:53,2019-04-09 11:00:53,0.352s,PASSED
"doubleClick(findTestObject(""Perolehan/004 Pelulus/Senarai_Tugas_Item_No_1"", [""text"":PesananTempatanRekodID]))",Chrome 73.0.3683.103,Double click on item no 1 from senarai tugas,2019-04-09 11:00:53,2019-04-09 11:00:53,0.067s,PASSED
delay(3),Chrome 73.0.3683.103,Delay,2019-04-09 11:00:53,2019-04-09 11:00:56,3.003s,PASSED
mydate = new java.util.Date(),Chrome 73.0.3683.103,Get todays year and date,2019-04-09 11:00:56,2019-04-09 11:00:56,0.001s,PASSED
"formattedDate = mydate.format(""dd/MM/yyyy"")",Chrome 73.0.3683.103,Get todays date with format dd/MM/yyyy,2019-04-09 11:00:56,2019-04-09 11:00:56,0.002s,PASSED
"formattedYear = mydate.format(""yyyy"")",Chrome 73.0.3683.103,Get year with format yyyy,2019-04-09 11:00:56,2019-04-09 11:00:56,0.001s,PASSED
println(formattedDate),Chrome 73.0.3683.103,print date in format dd/mm/yy,2019-04-09 11:00:56,2019-04-09 11:00:56,0.000s,PASSED
println(formattedYear),Chrome 73.0.3683.103,print year in format yyyy,2019-04-09 11:00:56,2019-04-09 11:00:56,0.000s,PASSED
"TahunKewangan = getText(findTestObject(""Perolehan/003 Pengesah/Label_tahun_kewangan""))",Chrome 73.0.3683.103,Get Tahun Kewangan from screen,2019-04-09 11:00:56,2019-04-09 11:00:57,0.045s,PASSED
"verifyMatch(TahunKewangan, formattedYear, false)",Chrome 73.0.3683.103,verify tahun kewangan matches current year,2019-04-09 11:00:57,2019-04-09 11:00:57,0.000s,PASSED
"TarikhSemasa = getText(findTestObject(""Perolehan/003 Pengesah/Label_Tarikh_semasa""))",Chrome 73.0.3683.103,Get value of tarikh semasa,2019-04-09 11:00:57,2019-04-09 11:00:57,0.059s,PASSED
"verifyMatch(TarikhSemasa, formattedDate, false)",Chrome 73.0.3683.103,verify tarikh semasa matches system date,2019-04-09 11:00:57,2019-04-09 11:00:57,0.000s,PASSED
delay(20),Chrome 73.0.3683.103,Delay,2019-04-09 11:00:57,2019-04-09 11:01:17,20.003s,PASSED
"jumlah = getText(findTestObject(""Perolehan/003 Pengesah/label_Jumlah_pesanan_tempatan""))",Chrome 73.0.3683.103,get jumlah pesanan tempatan value ,2019-04-09 11:01:17,2019-04-09 11:01:17,0.052s,PASSED
delay(3),Chrome 73.0.3683.103,Delay,2019-04-09 11:01:17,2019-04-09 11:01:20,3.002s,PASSED
println(jumlah),Chrome 73.0.3683.103,print jumlah,2019-04-09 11:01:20,2019-04-09 11:01:20,0.001s,PASSED
"verifyMatch(jumlah, TotalAmaunPT, false)",Chrome 73.0.3683.103,verify jumlah is matched with the one created by Penyedia which is 6.25,2019-04-09 11:01:20,2019-04-09 11:01:20,0.001s,PASSED
"click(findTestObject(""Perolehan/004 Pelulus/button_Lulus""))",Chrome 73.0.3683.103,Click on Lulus button to approve,2019-04-09 11:01:20,2019-04-09 11:01:20,0.094s,PASSED
"click(findTestObject(""Perolehan/004 Pelulus/button_ya_luluskan""))",Chrome 73.0.3683.103,click on Ya to confirm approve,2019-04-09 11:01:20,2019-04-09 11:01:20,0.076s,PASSED
delay(8),Chrome 73.0.3683.103,Delay,2019-04-09 11:01:20,2019-04-09 11:01:28,8.005s,PASSED
"waitForElementClickable(findTestObject(""Perolehan/004 Pelulus/button_OK_Berjaya_lulus""), 180)",Chrome 73.0.3683.103,wait for the element to become clickable,2019-04-09 11:01:28,2019-04-09 11:01:28,0.049s,PASSED
"RekodBerjayaLulus = getText(findTestObject(""Perolehan/004 Pelulus/RekodBerjayaLulus""))",Chrome 73.0.3683.103,Get text of Rekod ID from the alert popup,2019-04-09 11:01:28,2019-04-09 11:01:28,0.043s,PASSED
println(RekodBerjayaLulus),Chrome 73.0.3683.103,print the value,2019-04-09 11:01:28,2019-04-09 11:01:28,0.000s,PASSED
PTDokumenID = RekodBerjayaLulus[(46..58)],Chrome 73.0.3683.103,create new variable to only take rekod id from the get text value,2019-04-09 11:01:28,2019-04-09 11:01:28,0.001s,PASSED
println(PTDokumenID),Chrome 73.0.3683.103,print the value,2019-04-09 11:01:28,2019-04-09 11:01:28,0.000s,PASSED
PesananTempatanDokumenID = PTDokumenID,Chrome 73.0.3683.103,set global variable value of RekodID with variable RekodNo,2019-04-09 11:01:28,2019-04-09 11:01:28,0.000s,PASSED
delay(3),Chrome 73.0.3683.103,Delay,2019-04-09 11:01:28,2019-04-09 11:01:31,3.004s,PASSED
"waitForElementClickable(findTestObject(""Perolehan/002 Penyedia_RekodBaru/001 Rekod Baru Pesanan Tempatan/button_OK_Rekod_Berjaya_disimpan""), 300)",Chrome 73.0.3683.103,wait for the element to be clickable,2019-04-09 11:01:31,2019-04-09 11:01:31,0.037s,PASSED
"element = findWebElement(findTestObject(""Perolehan/004 Pelulus/button_OK_Berjaya_lulus""), 300)",Chrome 73.0.3683.103,declare object to find as an element,2019-04-09 11:01:31,2019-04-09 11:01:31,0.015s,PASSED
"executeJavaScript(""arguments[0].click"", Arrays.asList(element))",Chrome 73.0.3683.103,click on the element using javascript,2019-04-09 11:01:31,2019-04-09 11:01:31,0.022s,PASSED
"click(findTestObject(""Perolehan/004 Pelulus/button_OK_Berjaya_lulus""))",Chrome 73.0.3683.103,click on OK to close the prompt after lulus is complete,2019-04-09 11:01:31,2019-04-09 11:01:31,0.067s,PASSED
closeBrowser(),Chrome 73.0.3683.103,close browser,2019-04-09 11:01:31,2019-04-09 11:01:32,0.639s,PASSED
,,,,,,
Test Cases/Perolehan/005 Terimaan Barang Perkhidmatan/003 Proses Kemasukan Inden Kerja - EFT,Chrome 73.0.3683.103,Penyedia will create REKOD BARU using dokumen ID from Pesanan Tempatan,2019-04-09 11:01:32,2019-04-09 11:03:04,1m - 32.743s,PASSED
reusablefunctions.reusablefunctions.openbrowser(),Chrome 73.0.3683.103,Open browser and navigate to Homepage URL,2019-04-09 11:01:32,2019-04-09 11:01:36,3.658s,PASSED
"reusablefunctions.reusablefunctions.Login(PenyediaPTJ, findTestData(""ispekstestdata"").getValue(2, 4))",Chrome 73.0.3683.103,Login into ispek,2019-04-09 11:01:36,2019-04-09 11:01:47,11.367s,PASSED
reusablefunctions.reusablefunctions.PerananPenyediaPTJ(),Chrome 73.0.3683.103,Change role to Penyedia PTJ,2019-04-09 11:01:47,2019-04-09 11:02:10,22.779s,PASSED
"click(findTestObject(""Perolehan/001 Left_Menu_Selection/a_ExpandMenuonLeft""))",Chrome 73.0.3683.103,Click on Menu Sisi to display Menu selections,2019-04-09 11:02:10,2019-04-09 11:02:10,0.439s,PASSED
"delay(3, STOP_ON_FAILURE)",Chrome 73.0.3683.103,Delay,2019-04-09 11:02:10,2019-04-09 11:02:13,3.003s,PASSED
"click(findTestObject(""Perolehan/001 Left_Menu_Selection/div_ClickonPerolehan""))",Chrome 73.0.3683.103,Select Perolehan Sub-menu,2019-04-09 11:02:13,2019-04-09 11:02:13,0.081s,PASSED
"delay(3, STOP_ON_FAILURE)",Chrome 73.0.3683.103,Delay,2019-04-09 11:02:13,2019-04-09 11:02:16,3.003s,PASSED
"click(findTestObject(""Perolehan/001 Left_Menu_Selection/div_Kemasukan_Terimaan_Barang""))",Chrome 73.0.3683.103,Click on Menu sisi Kemasukan Terimaan Barang atau perkhidmatan,2019-04-09 11:02:16,2019-04-09 11:02:16,0.152s,PASSED
assert true,Chrome 73.0.3683.103,,2019-04-09 11:02:16,2019-04-09 11:02:16,0.001s,PASSED
delay(3),Chrome 73.0.3683.103,Carian page loaded successfully,2019-04-09 11:02:16,2019-04-09 11:02:19,3.004s,PASSED
"click(findTestObject(""Perolehan/005 Kemasukan Terimaan/001 Kemasukan Pesanan Tempatan/button_REKOD BARU""))",Chrome 73.0.3683.103,Click on button Rekod Baru ,2019-04-09 11:02:19,2019-04-09 11:02:19,0.095s,PASSED
delay(3),Chrome 73.0.3683.103,Delay,2019-04-09 11:02:19,2019-04-09 11:02:22,3.005s,PASSED
"click(findTestObject(""Perolehan/005 Kemasukan Terimaan/001 Kemasukan Pesanan Tempatan/Drop_down_No_Dokumen""))",Chrome 73.0.3683.103,Click No Dokumen drop down list,2019-04-09 11:02:22,2019-04-09 11:02:23,0.122s,PASSED
delay(3),Chrome 73.0.3683.103,Delay,2019-04-09 11:02:23,2019-04-09 11:02:26,3.003s,PASSED
"setText(findTestObject(""Perolehan/005 Kemasukan Terimaan/001 Kemasukan Pesanan Tempatan/input_No_Dokumen_value""), PesananTempatanDokumenID)",Chrome 73.0.3683.103,input dokumen no based on the variable get from Pelulus page on Inden Kerja,2019-04-09 11:02:26,2019-04-09 11:02:26,0.305s,PASSED
delay(5),Chrome 73.0.3683.103,Delay,2019-04-09 11:02:26,2019-04-09 11:02:31,5.002s,PASSED
"click(findTestObject(""Perolehan/005 Kemasukan Terimaan/001 Kemasukan Pesanan Tempatan/select_No_Dokumen""))",Chrome 73.0.3683.103,Select the No Dokumen displayed after the filter,2019-04-09 11:02:31,2019-04-09 11:02:31,0.072s,PASSED
delay(3),Chrome 73.0.3683.103,delay,2019-04-09 11:02:31,2019-04-09 11:02:34,3.002s,PASSED
"click(findTestObject(""Perolehan/005 Kemasukan Terimaan/001 Kemasukan Pesanan Tempatan/button_Cari""))",Chrome 73.0.3683.103,click on cari button to search for the record,2019-04-09 11:02:34,2019-04-09 11:02:34,0.089s,PASSED
delay(3),Chrome 73.0.3683.103,delay,2019-04-09 11:02:34,2019-04-09 11:02:37,3.002s,PASSED
"click(findTestObject(""Perolehan/005 Kemasukan Terimaan/001 Kemasukan Pesanan Tempatan/OK_Rekod_Wujud""))",Chrome 73.0.3683.103,Click on OK to close the prompt box ,2019-04-09 11:02:37,2019-04-09 11:02:37,0.080s,PASSED
delay(3),Chrome 73.0.3683.103,Delay,2019-04-09 11:02:37,2019-04-09 11:02:40,3.004s,PASSED
"click(findTestObject(""Perolehan/005 Kemasukan Terimaan/002 Kemasukan Inden Kerja/Drop_down_Jenis_Terimaan""))",Chrome 73.0.3683.103,Click on drop down Jenis terimaan ,2019-04-09 11:02:40,2019-04-09 11:02:40,0.105s,PASSED
"click(findTestObject(""Perolehan/005 Kemasukan Terimaan/002 Kemasukan Inden Kerja/select_TERIMAAN INDEN KERJA PENUH""))",Chrome 73.0.3683.103,Select value Terimaan inden kerja Penuh ,2019-04-09 11:02:40,2019-04-09 11:02:40,0.062s,PASSED
"setText(findTestObject(""Perolehan/005 Kemasukan Terimaan/002 Kemasukan Inden Kerja/input_No_Rujukan""), ""123456789012345"")",Chrome 73.0.3683.103,Set text Nota Penghantaran ,2019-04-09 11:02:40,2019-04-09 11:02:40,0.130s,PASSED
"click(findTestObject(""Perolehan/005 Kemasukan Terimaan/002 Kemasukan Inden Kerja/Date_Picker_Tarikh_No_Rujukan""))",Chrome 73.0.3683.103,Click on Date Picker to select date no rujukan ,2019-04-09 11:02:40,2019-04-09 11:02:41,0.081s,PASSED
"click(findTestObject(""Perolehan/005 Kemasukan Terimaan/002 Kemasukan Inden Kerja/Date_Picker_TR_Today""))",Chrome 73.0.3683.103,Click on Todays date ,2019-04-09 11:02:41,2019-04-09 11:02:41,0.068s,PASSED
delay(3),Chrome 73.0.3683.103,Delay,2019-04-09 11:02:41,2019-04-09 11:02:44,3.002s,PASSED
"click(findTestObject(""Perolehan/005 Kemasukan Terimaan/002 Kemasukan Inden Kerja/Date_Picker_Tarikh_Siap""))",Chrome 73.0.3683.103,Click on Date Picker to select date siap ,2019-04-09 11:02:44,2019-04-09 11:02:44,0.085s,PASSED
"click(findTestObject(""Perolehan/005 Kemasukan Terimaan/002 Kemasukan Inden Kerja/Date_Picker_TS_Today""))",Chrome 73.0.3683.103,Click on Todays date ,2019-04-09 11:02:44,2019-04-09 11:02:44,0.079s,PASSED
delay(3),Chrome 73.0.3683.103,Delay,2019-04-09 11:02:44,2019-04-09 11:02:47,3.003s,PASSED
"setText(findTestObject(""Perolehan/005 Kemasukan Terimaan/002 Kemasukan Inden Kerja/input_Catatan""), ""Test Catatan 000"")",Chrome 73.0.3683.103,input catatan,2019-04-09 11:02:47,2019-04-09 11:02:47,0.119s,PASSED
"click(findTestObject(""Perolehan/005 Kemasukan Terimaan/002 Kemasukan Inden Kerja/button_Simpan""))",Chrome 73.0.3683.103,Click Simpan to save the record,2019-04-09 11:02:47,2019-04-09 11:02:47,0.082s,PASSED
delay(3),Chrome 73.0.3683.103,Delay,2019-04-09 11:02:47,2019-04-09 11:02:50,3.003s,PASSED
"waitForElementClickable(findTestObject(""Perolehan/005 Kemasukan Terimaan/002 Kemasukan Inden Kerja/button_OK_rekod_berjaya_disimpan""), 60)",Chrome 73.0.3683.103,wait for the element to become clickable,2019-04-09 11:02:50,2019-04-09 11:02:50,0.066s,PASSED
"click(findTestObject(""Perolehan/005 Kemasukan Terimaan/002 Kemasukan Inden Kerja/button_OK_rekod_berjaya_disimpan""))",Chrome 73.0.3683.103,Click OK to close the prompt box,2019-04-09 11:02:50,2019-04-09 11:02:50,0.077s,PASSED
"click(findTestObject(""Perolehan/005 Kemasukan Terimaan/002 Kemasukan Inden Kerja/button_Sah_Simpan""))",Chrome 73.0.3683.103,Click sah simpan button to save the record,2019-04-09 11:02:50,2019-04-09 11:02:50,0.099s,PASSED
"click(findTestObject(""Perolehan/005 Kemasukan Terimaan/002 Kemasukan Inden Kerja/button_Ya_Sah_Simpan""))",Chrome 73.0.3683.103,Click Ya button to confirm action,2019-04-09 11:02:50,2019-04-09 11:02:50,0.075s,PASSED
delay(3),Chrome 73.0.3683.103,delay,2019-04-09 11:02:50,2019-04-09 11:02:53,3.002s,PASSED
delay(10),Chrome 73.0.3683.103,,2019-04-09 11:02:53,2019-04-09 11:03:03,10.003s,PASSED
"waitForElementClickable(findTestObject(""Perolehan/005 Kemasukan Terimaan/002 Kemasukan Inden Kerja/button_OK_close_rekod_berjaya""), 180)",Chrome 73.0.3683.103,,2019-04-09 11:03:03,2019-04-09 11:03:03,0.038s,PASSED
"waitForElementClickable(findTestObject(""Perolehan/002 Penyedia_RekodBaru/001 Rekod Baru Pesanan Tempatan/button_OK_Rekod_Berjaya_disimpan""), 300)",Chrome 73.0.3683.103,wait for the element to be clickable,2019-04-09 11:03:03,2019-04-09 11:03:03,0.038s,PASSED
"element = findWebElement(findTestObject(""Perolehan/005 Kemasukan Terimaan/002 Kemasukan Inden Kerja/button_OK_close_rekod_berjaya""), 300)",Chrome 73.0.3683.103,declare object to find as an element,2019-04-09 11:03:03,2019-04-09 11:03:03,0.017s,PASSED
takeScreenshot(),Chrome 73.0.3683.103,take screenshot of the record successfully saved as reference,2019-04-09 11:03:03,2019-04-09 11:03:04,0.299s,PASSED
"executeJavaScript(""arguments[0].click"", Arrays.asList(element))",Chrome 73.0.3683.103,click on the element using javascript,2019-04-09 11:03:04,2019-04-09 11:03:04,0.003s,PASSED
"click(findTestObject(""Perolehan/005 Kemasukan Terimaan/002 Kemasukan Inden Kerja/button_OK_close_rekod_berjaya""))",Chrome 73.0.3683.103,click OK button to close the popup message,2019-04-09 11:03:04,2019-04-09 11:03:04,0.092s,PASSED
closeBrowser(),Chrome 73.0.3683.103,Close browser,2019-04-09 11:03:04,2019-04-09 11:03:04,0.643s,PASSED
,,,,,,
Test Cases/Perolehan/006 Arahan Bayaran/007 Arahan Bayaran Inden Kerja - EFT,Chrome 73.0.3683.103,Create new REKOD BARU for arahan bayaran after kemasukan terimaan barang is saved. this is for 7011 env,2019-04-09 11:03:04,2019-04-09 11:05:15,2m - 10.987s,PASSED
reusablefunctions.reusablefunctions.openbrowser(),Chrome 73.0.3683.103,Open browser,2019-04-09 11:03:05,2019-04-09 11:03:08,3.209s,PASSED
"reusablefunctions.reusablefunctions.Login(PenyediaPTJ, findTestData(""ispekstestdata"").getValue(2, 4))",Chrome 73.0.3683.103,Login into the system,2019-04-09 11:03:08,2019-04-09 11:03:19,11.380s,PASSED
delay(3),Chrome 73.0.3683.103,Delay,2019-04-09 11:03:19,2019-04-09 11:03:22,3.004s,PASSED
reusablefunctions.reusablefunctions.PerananPenyediaPTJ(),Chrome 73.0.3683.103,,2019-04-09 11:03:22,2019-04-09 11:03:45,22.801s,PASSED
"click(findTestObject(""Perolehan/001 Left_Menu_Selection/a_ExpandMenuonLeft""))",Chrome 73.0.3683.103,Click on Menu Sisi to display Menu selections,2019-04-09 11:03:45,2019-04-09 11:03:46,0.460s,PASSED
"delay(3, STOP_ON_FAILURE)",Chrome 73.0.3683.103,Delay,2019-04-09 11:03:46,2019-04-09 11:03:49,3.004s,PASSED
"click(findTestObject(""Perolehan/001 Left_Menu_Selection/div_PanelTitlePerolehan""))",Chrome 73.0.3683.103,Select Perolehan Sub-menu,2019-04-09 11:03:49,2019-04-09 11:03:49,0.082s,PASSED
"delay(3, STOP_ON_FAILURE)",Chrome 73.0.3683.103,Delay,2019-04-09 11:03:49,2019-04-09 11:03:52,3.003s,PASSED
"click(findTestObject(""Perolehan/001 Left_Menu_Selection/div_Menu_ArahanBayaran""))",Chrome 73.0.3683.103,Click on Menu sisi and select Arahan Bayaran,2019-04-09 11:03:52,2019-04-09 11:03:52,0.147s,PASSED
assert true,Chrome 73.0.3683.103,,2019-04-09 11:03:52,2019-04-09 11:03:52,0.000s,PASSED
delay(3),Chrome 73.0.3683.103,Delay,2019-04-09 11:03:52,2019-04-09 11:03:55,3.003s,PASSED
"click(findTestObject(""Perolehan/006 Arahan Bayaran/001 Pesanan Tempatan/button_REKOD_BARU""))",Chrome 73.0.3683.103,Arahan Bayaran page loaded successfully,2019-04-09 11:03:55,2019-04-09 11:03:55,0.076s,PASSED
delay(3),Chrome 73.0.3683.103,Delay,2019-04-09 11:03:55,2019-04-09 11:03:58,3.004s,PASSED
"click(findTestObject(""Perolehan/006 Arahan Bayaran/002 Inden Kerja - EFT/Drop_Down_Jenis_Baucar_Bayaran""), STOP_ON_FAILURE)",Chrome 73.0.3683.103,Click Jenis Baucar Bayaran drop down,2019-04-09 11:03:58,2019-04-09 11:03:58,0.102s,PASSED
delay(3),Chrome 73.0.3683.103,Delay,2019-04-09 11:03:58,2019-04-09 11:04:01,3.004s,PASSED
"click(findTestObject(""Perolehan/006 Arahan Bayaran/002 Inden Kerja - EFT/select_AB0303_Inden_Kerja""))",Chrome 73.0.3683.103,Select Kod Jenis Baucar Bayaran that is ARAHAN BAYARAN-INDEN KERJA,2019-04-09 11:04:01,2019-04-09 11:04:01,0.193s,PASSED
delay(3),Chrome 73.0.3683.103,Delay,2019-04-09 11:04:01,2019-04-09 11:04:04,3.004s,PASSED
"click(findTestObject(""Perolehan/006 Arahan Bayaran/002 Inden Kerja - EFT/Drop_Down_Nama_Pembekal""))",Chrome 73.0.3683.103,Click Nama Pembekal drop down,2019-04-09 11:04:04,2019-04-09 11:04:04,0.135s,PASSED
delay(3),Chrome 73.0.3683.103,Delay,2019-04-09 11:04:04,2019-04-09 11:04:07,3.003s,PASSED
"setText(findTestObject(""Perolehan/006 Arahan Bayaran/001 Pesanan Tempatan/input_kod_pembekal""), nama_pembekal)",Chrome 73.0.3683.103,,2019-04-09 11:04:07,2019-04-09 11:04:08,0.746s,PASSED
delay(10),Chrome 73.0.3683.103,,2019-04-09 11:04:08,2019-04-09 11:04:18,10.003s,PASSED
"click(findTestObject(""Perolehan/006 Arahan Bayaran/001 Pesanan Tempatan/Select_Nama_Pembekal"", [""text"":nama_pembekal]))",Chrome 73.0.3683.103,Select Nama Pembekal AA DUA,2019-04-09 11:04:18,2019-04-09 11:04:18,0.150s,PASSED
delay(5),Chrome 73.0.3683.103,Delay,2019-04-09 11:04:18,2019-04-09 11:04:23,5.004s,PASSED
"click(findTestObject(""Perolehan/006 Arahan Bayaran/005 Pesanan Tempatan dan Inden Kerja/Drop_Down_Cara_Bayaran""))",Chrome 73.0.3683.103,click on drop down cara bayaran to select,2019-04-09 11:04:23,2019-04-09 11:04:23,0.107s,PASSED
"click(findTestObject(""Perolehan/006 Arahan Bayaran/001 Pesanan Tempatan/Select_Cara_Bayaran - EFT""))",Chrome 73.0.3683.103,select cara bayaran as CEK,2019-04-09 11:04:23,2019-04-09 11:04:23,0.077s,PASSED
"click(findTestObject(""Perolehan/006 Arahan Bayaran/005 Pesanan Tempatan dan Inden Kerja/Drop_Down_Dengan_Pemfaktoran""))",Chrome 73.0.3683.103,click on jenis pemfaktoran drop down list,2019-04-09 11:04:23,2019-04-09 11:04:23,0.068s,PASSED
"click(findTestObject(""Perolehan/006 Arahan Bayaran/002 Inden Kerja - EFT/Dengan_Pemfaktoran_Ya""))",Chrome 73.0.3683.103,select Ya from the drop down list,2019-04-09 11:04:23,2019-04-09 11:04:24,0.106s,PASSED
mydate = new java.util.Date(),Chrome 73.0.3683.103,"Get todays year, date and time",2019-04-09 11:04:24,2019-04-09 11:04:24,0.001s,PASSED
"setText(findTestObject(""Perolehan/006 Arahan Bayaran/002 Inden Kerja - EFT/input_Perihal""), ""This is a test for Arahan Bayaran Inden Kerja Julia "" + mydate)",Chrome 73.0.3683.103,Input Perihal with date and time stamp,2019-04-09 11:04:24,2019-04-09 11:04:24,0.308s,PASSED
delay(3),Chrome 73.0.3683.103,Delay,2019-04-09 11:04:24,2019-04-09 11:04:27,3.003s,PASSED
"doubleClick(findTestObject(""Perolehan/006 Arahan Bayaran/002 Inden Kerja - EFT/List_maklumat_terimaan_barang""))",Chrome 73.0.3683.103,Click on 1st item from the list of records,2019-04-09 11:04:27,2019-04-09 11:04:27,0.375s,PASSED
delay(3),Chrome 73.0.3683.103,Delay,2019-04-09 11:04:27,2019-04-09 11:04:30,3.003s,PASSED
"click(findTestObject(""Perolehan/006 Arahan Bayaran/002 Inden Kerja - EFT/Date_Picker_TI""))",Chrome 73.0.3683.103,click on date picker to display calendar,2019-04-09 11:04:30,2019-04-09 11:04:30,0.116s,PASSED
"click(findTestObject(""Perolehan/006 Arahan Bayaran/002 Inden Kerja - EFT/Date_picker_TI_Today""))",Chrome 73.0.3683.103,select today,2019-04-09 11:04:30,2019-04-09 11:04:30,0.095s,PASSED
"click(findTestObject(""Perolehan/006 Arahan Bayaran/002 Inden Kerja - EFT/Date_Picker_TTK""), STOP_ON_FAILURE)",Chrome 73.0.3683.103,Click on Date Picker to display calendar to choose tarikh terima kewangan date,2019-04-09 11:04:30,2019-04-09 11:04:31,0.081s,PASSED
"click(findTestObject(""Perolehan/006 Arahan Bayaran/002 Inden Kerja - EFT/Date_Picker_TTK_Today""), STOP_ON_FAILURE)",Chrome 73.0.3683.103,Click today,2019-04-09 11:04:31,2019-04-09 11:04:31,0.084s,PASSED
delay(3),Chrome 73.0.3683.103,delay,2019-04-09 11:04:31,2019-04-09 11:04:34,3.002s,PASSED
"setText(findTestObject(""Perolehan/006 Arahan Bayaran/002 Inden Kerja - EFT/input_Amaun_Invois""), TotalAmaunPT)",Chrome 73.0.3683.103,Input Amaun,2019-04-09 11:04:34,2019-04-09 11:04:34,0.118s,PASSED
RN = Math.random() * 10000,Chrome 73.0.3683.103,int RN is created to generete random number,2019-04-09 11:04:34,2019-04-09 11:04:34,0.001s,PASSED
println(RN),Chrome 73.0.3683.103,Print the RN value,2019-04-09 11:04:34,2019-04-09 11:04:34,0.001s,PASSED
"setText(findTestObject(""Perolehan/006 Arahan Bayaran/002 Inden Kerja - EFT/input_No_Invois""), ""INV0"" + RN)",Chrome 73.0.3683.103,Input No Invois with random number generated from RN,2019-04-09 11:04:34,2019-04-09 11:04:34,0.155s,PASSED
delay(5),Chrome 73.0.3683.103,,2019-04-09 11:04:34,2019-04-09 11:04:39,5.006s,PASSED
"click(findTestObject(""Perolehan/006 Arahan Bayaran/002 Inden Kerja - EFT/button_save_maklumat_terimaan_barang""))",Chrome 73.0.3683.103,Click on Save icon to save maklumat terima barang,2019-04-09 11:04:39,2019-04-09 11:04:39,0.081s,PASSED
delay(3),Chrome 73.0.3683.103,delay,2019-04-09 11:04:39,2019-04-09 11:04:42,3.003s,PASSED
"scrollToElement(findTestObject(""Perolehan/006 Arahan Bayaran/002 Inden Kerja - EFT/button_tambah_maklumat_penerima""), 180)",Chrome 73.0.3683.103,click on tambah button to add maklumat penerima - this is allowed to add when Dengan Pemfaktoran = Ya,2019-04-09 11:04:42,2019-04-09 11:04:42,0.057s,PASSED
"waitForElementPresent(findTestObject(""Perolehan/006 Arahan Bayaran/002 Inden Kerja - EFT/button_tambah_maklumat_penerima""), 180)",Chrome 73.0.3683.103,wait for the element to become visible and present,2019-04-09 11:04:42,2019-04-09 11:04:42,0.021s,PASSED
"click(findTestObject(""Perolehan/006 Arahan Bayaran/002 Inden Kerja - EFT/button_tambah_maklumat_penerima""))",Chrome 73.0.3683.103,click on + icon to add information on Maklumat Penerima,2019-04-09 11:04:42,2019-04-09 11:04:42,0.071s,PASSED
delay(3),Chrome 73.0.3683.103,delay,2019-04-09 11:04:42,2019-04-09 11:04:45,3.004s,PASSED
"click(findTestObject(""Perolehan/006 Arahan Bayaran/002 Inden Kerja - EFT/Penerima_Drop_Down_No_KPNo_Daftar_Syarikat""))",Chrome 73.0.3683.103,click on drop down Penerima No K/P or Daftar,2019-04-09 11:04:45,2019-04-09 11:04:45,0.121s,PASSED
delay(3),Chrome 73.0.3683.103,delay,2019-04-09 11:04:45,2019-04-09 11:04:48,3.003s,PASSED
"setText(findTestObject(""Perolehan/006 Arahan Bayaran/001 Pesanan Tempatan/input_name_kod Pembekal""), kod_pembekal_pemfaktoran)",Chrome 73.0.3683.103,input pembekal with kod K0806SS29058,2019-04-09 11:04:48,2019-04-09 11:04:49,0.451s,PASSED
delay(3),Chrome 73.0.3683.103,delay,2019-04-09 11:04:49,2019-04-09 11:04:52,3.003s,PASSED
"click(findTestObject(""Perolehan/006 Arahan Bayaran/001 Pesanan Tempatan/select_Maklumat_Penerima_Armada"", [""text"":kod_pembekal_pemfaktoran]))",Chrome 73.0.3683.103,select the pembekal as K0806SS29058,2019-04-09 11:04:52,2019-04-09 11:04:52,0.124s,PASSED
delay(5),Chrome 73.0.3683.103,delay,2019-04-09 11:04:52,2019-04-09 11:04:57,5.004s,PASSED
"setText(findTestObject(""Perolehan/006 Arahan Bayaran/002 Inden Kerja - EFT/Penerima_input_amaun""), TotalAmaunPT)",Chrome 73.0.3683.103,input total amaun,2019-04-09 11:04:57,2019-04-09 11:04:57,0.291s,PASSED
"click(findTestObject(""Perolehan/006 Arahan Bayaran/002 Inden Kerja - EFT/Penerima_button_save""))",Chrome 73.0.3683.103,save the information,2019-04-09 11:04:57,2019-04-09 11:04:57,0.192s,PASSED
"click(findTestObject(""Perolehan/006 Arahan Bayaran/002 Inden Kerja - EFT/button_Simpan""))",Chrome 73.0.3683.103,Click on Simpan button to save the record,2019-04-09 11:04:57,2019-04-09 11:04:57,0.081s,PASSED
"click(findTestObject(""Perolehan/006 Arahan Bayaran/002 Inden Kerja - EFT/button_Ya_Simpan""))",Chrome 73.0.3683.103,Click Ya to confirm save,2019-04-09 11:04:57,2019-04-09 11:04:58,0.147s,PASSED
delay(3),Chrome 73.0.3683.103,Delay,2019-04-09 11:04:58,2019-04-09 11:05:01,3.002s,PASSED
"click(findTestObject(""Perolehan/006 Arahan Bayaran/002 Inden Kerja - EFT/button_OK_rekod_disimpan""))",Chrome 73.0.3683.103,Click OK button to close the prompt box,2019-04-09 11:05:01,2019-04-09 11:05:01,0.096s,PASSED
"click(findTestObject(""Perolehan/006 Arahan Bayaran/002 Inden Kerja - EFT/button_Senarai Semak""))",Chrome 73.0.3683.103,Click on Senarai Semak button to select list of senarai semak,2019-04-09 11:05:01,2019-04-09 11:05:01,0.098s,PASSED
"check(findTestObject(""Perolehan/006 Arahan Bayaran/002 Inden Kerja - EFT/Senarai_semak_1""))",Chrome 73.0.3683.103,Check on the first item from senarai semak ,2019-04-09 11:05:01,2019-04-09 11:05:01,0.700s,PASSED
"check(findTestObject(""Perolehan/006 Arahan Bayaran/002 Inden Kerja - EFT/Senarai_Semak_2""))",Chrome 73.0.3683.103,Check on the first item from senarai semak ,2019-04-09 11:05:01,2019-04-09 11:05:02,0.077s,PASSED
"check(findTestObject(""Perolehan/006 Arahan Bayaran/002 Inden Kerja - EFT/Senarai_semak_3""))",Chrome 73.0.3683.103,Check on the first item from senarai semak ,2019-04-09 11:05:02,2019-04-09 11:05:02,0.086s,PASSED
"click(findTestObject(""Perolehan/006 Arahan Bayaran/002 Inden Kerja - EFT/button_Simpan_Senarai_Semak""))",Chrome 73.0.3683.103,Click on Simpan to save the Senarai Semak,2019-04-09 11:05:02,2019-04-09 11:05:02,0.090s,PASSED
delay(3),Chrome 73.0.3683.103,Delay,2019-04-09 11:05:02,2019-04-09 11:05:05,3.004s,PASSED
"click(findTestObject(""Perolehan/006 Arahan Bayaran/002 Inden Kerja - EFT/button_OK_maklumat_Senarai_Semak_disimpan""))",Chrome 73.0.3683.103,Click OK to close the prompt box,2019-04-09 11:05:05,2019-04-09 11:05:05,0.077s,PASSED
"click(findTestObject(""Perolehan/006 Arahan Bayaran/002 Inden Kerja - EFT/button_X_close_senarai_semak""))",Chrome 73.0.3683.103,Click X to close the popup window,2019-04-09 11:05:05,2019-04-09 11:05:05,0.076s,PASSED
delay(3),Chrome 73.0.3683.103,,2019-04-09 11:05:05,2019-04-09 11:05:08,3.002s,PASSED
"jumlahbaucarbayaran = getText(findTestObject(""Perolehan/006 Arahan Bayaran/005 Pesanan Tempatan dan Inden Kerja/jumlah_baucar_bayaran""))",Chrome 73.0.3683.103,,2019-04-09 11:05:08,2019-04-09 11:05:08,0.059s,PASSED
println(jumlahbaucarbayaran),Chrome 73.0.3683.103,print the value,2019-04-09 11:05:08,2019-04-09 11:05:08,0.001s,PASSED
jumlah_baucar_bayaran = jumlahbaucarbayaran,Chrome 73.0.3683.103,set global variable value of RekodID with variable RekodNo,2019-04-09 11:05:08,2019-04-09 11:05:08,0.000s,PASSED
"click(findTestObject(""Perolehan/006 Arahan Bayaran/002 Inden Kerja - EFT/button_Sah Simpan""))",Chrome 73.0.3683.103,Click Sah Simpan button to Sah Simpan the record,2019-04-09 11:05:08,2019-04-09 11:05:08,0.108s,PASSED
"click(findTestObject(""Perolehan/006 Arahan Bayaran/002 Inden Kerja - EFT/button_Ya_Sah_Simpan""))",Chrome 73.0.3683.103,Click Ya to confirm ,2019-04-09 11:05:08,2019-04-09 11:05:08,0.156s,PASSED
delay(3),Chrome 73.0.3683.103,Delay,2019-04-09 11:05:08,2019-04-09 11:05:11,3.002s,PASSED
takeScreenshot(),Chrome 73.0.3683.103,Take screenshot of current display,2019-04-09 11:05:11,2019-04-09 11:05:12,0.338s,PASSED
"attribute = getText(findTestObject(""Perolehan/006 Arahan Bayaran/002 Inden Kerja - EFT/Rekod Telah Berjaya Disah Simpan""))",Chrome 73.0.3683.103,Get text of Rekod ID from the alert popup,2019-04-09 11:05:12,2019-04-09 11:05:12,0.048s,PASSED
println(attribute),Chrome 73.0.3683.103,print the value,2019-04-09 11:05:12,2019-04-09 11:05:12,0.000s,PASSED
ArahanBayaranID = attribute[(46..60)],Chrome 73.0.3683.103,create new variable to only take rekod id from the get text value,2019-04-09 11:05:12,2019-04-09 11:05:12,0.001s,PASSED
println(ArahanBayaranID),Chrome 73.0.3683.103,print the value,2019-04-09 11:05:12,2019-04-09 11:05:12,0.000s,PASSED
ArahanBayaranRekodID = ArahanBayaranID,Chrome 73.0.3683.103,set global variable value of RekodID with variable RekodNo,2019-04-09 11:05:12,2019-04-09 11:05:12,0.000s,PASSED
delay(3),Chrome 73.0.3683.103,delay,2019-04-09 11:05:12,2019-04-09 11:05:15,3.002s,PASSED
"waitForElementClickable(findTestObject(""Perolehan/002 Penyedia_RekodBaru/001 Rekod Baru Pesanan Tempatan/button_OK_Rekod_Berjaya_disimpan""), 300)",Chrome 73.0.3683.103,wait for the element to be clickable,2019-04-09 11:05:15,2019-04-09 11:05:15,0.055s,PASSED
"element = findWebElement(findTestObject(""Perolehan/006 Arahan Bayaran/002 Inden Kerja - EFT/button_OK_rekod_berjaya_sah_simpan""), 300)",Chrome 73.0.3683.103,declare object to find as an element,2019-04-09 11:05:15,2019-04-09 11:05:15,0.017s,PASSED
"executeJavaScript(""arguments[0].click"", Arrays.asList(element))",Chrome 73.0.3683.103,click on the element using javascript,2019-04-09 11:05:15,2019-04-09 11:05:15,0.016s,PASSED
"click(findTestObject(""Perolehan/006 Arahan Bayaran/002 Inden Kerja - EFT/button_OK_rekod_berjaya_sah_simpan""))",Chrome 73.0.3683.103,Click OK to close the prompt box,2019-04-09 11:05:15,2019-04-09 11:05:15,0.118s,PASSED
closeBrowser(),Chrome 73.0.3683.103,Close the browser,2019-04-09 11:05:15,2019-04-09 11:05:15,0.637s,PASSED
,,,,,,
Test Cases/Perolehan/006 Arahan Bayaran/012 Penyemak Inden Kerja,Chrome 73.0.3683.103,Penyemak will check the record and click Semak button to verify,2019-04-09 11:05:15,2019-04-09 11:06:27,1m - 11.228s,PASSED
reusablefunctions.reusablefunctions.openbrowser(),Chrome 73.0.3683.103,open browser and enter ispek URL,2019-04-09 11:05:16,2019-04-09 11:05:18,2.874s,PASSED
"reusablefunctions.reusablefunctions.Login(PenyemakPTJ, findTestData(""ispekstestdata"").getValue(2, 5))",Chrome 73.0.3683.103,,2019-04-09 11:05:18,2019-04-09 11:05:30,11.366s,PASSED
"click(findTestObject(""Perolehan/TukarPeranan/IconTukarPeranan""))",Chrome 73.0.3683.103,Click on icon Tukar Peranan,2019-04-09 11:05:30,2019-04-09 11:05:30,0.287s,PASSED
"click(findTestObject(""Perolehan/TukarPeranan/input_TukarPeranan"", [""value"":RBPenyemakPTJ]))",Chrome 73.0.3683.103,Click Radio Button Penyedia PTJ,2019-04-09 11:05:30,2019-04-09 11:05:30,0.100s,PASSED
"click(findTestObject(""Perolehan/TukarPeranan/button_Ya""))",Chrome 73.0.3683.103,Click Ya to confirm change of role,2019-04-09 11:05:30,2019-04-09 11:05:30,0.064s,PASSED
delay(20),Chrome 73.0.3683.103,,2019-04-09 11:05:30,2019-04-09 11:05:50,20.003s,PASSED
"verifyTextPresent(""Peranan : [Penyemak] Peringkat : [PTJ]"", false)",Chrome 73.0.3683.103,Verify Peranan is now Penyemak PTJ,2019-04-09 11:05:50,2019-04-09 11:05:53,2.493s,PASSED
delay(5),Chrome 73.0.3683.103,,2019-04-09 11:05:53,2019-04-09 11:05:58,5.001s,PASSED
"click(findTestObject(""Perolehan/001 Left_Menu_Selection/a_ExpandMenuonLeft""))",Chrome 73.0.3683.103,Click on Menu Sisi to display Menu selections,2019-04-09 11:05:58,2019-04-09 11:05:58,0.442s,PASSED
"delay(3, STOP_ON_FAILURE)",Chrome 73.0.3683.103,Delay,2019-04-09 11:05:58,2019-04-09 11:06:01,3.003s,PASSED
"click(findTestObject(""Perolehan/001 Left_Menu_Selection/div_PanelTitlePerolehan""))",Chrome 73.0.3683.103,Select Perolehan Sub-menu,2019-04-09 11:06:01,2019-04-09 11:06:01,0.088s,PASSED
"delay(3, STOP_ON_FAILURE)",Chrome 73.0.3683.103,Delay,2019-04-09 11:06:01,2019-04-09 11:06:04,3.002s,PASSED
"click(findTestObject(""Perolehan/001 Left_Menu_Selection/div_Menu_ArahanBayaran""))",Chrome 73.0.3683.103,Click on Menu sisi and select Arahan Bayaran,2019-04-09 11:06:04,2019-04-09 11:06:05,0.160s,PASSED
assert true,Chrome 73.0.3683.103,,2019-04-09 11:06:05,2019-04-09 11:06:05,0.000s,PASSED
delay(3),Chrome 73.0.3683.103,Delay,2019-04-09 11:06:05,2019-04-09 11:06:08,3.003s,PASSED
"setText(findTestObject(""Perolehan/006 Arahan Bayaran/004 Penyemak/input_TABLE_NAME_noRekod""), ArahanBayaranRekodID)",Chrome 73.0.3683.103,input arahan bayaran rekod id to filter for the specific record,2019-04-09 11:06:08,2019-04-09 11:06:08,0.349s,PASSED
delay(3),Chrome 73.0.3683.103,delay,2019-04-09 11:06:08,2019-04-09 11:06:11,3.003s,PASSED
"doubleClick(findTestObject(""Perolehan/006 Arahan Bayaran/004 Penyemak/select_noRekod"", [""text"":ArahanBayaranRekodID]))",Chrome 73.0.3683.103,double click on the filter result - there is only one result after filter,2019-04-09 11:06:11,2019-04-09 11:06:11,0.069s,PASSED
delay(5),Chrome 73.0.3683.103,delay,2019-04-09 11:06:11,2019-04-09 11:06:16,5.003s,PASSED
"jumlah = getText(findTestObject(""Perolehan/006 Arahan Bayaran/005 Pesanan Tempatan dan Inden Kerja/jumlah_PT""))",Chrome 73.0.3683.103,get jumlah arahan bayaran,2019-04-09 11:06:16,2019-04-09 11:06:16,0.078s,PASSED
"verifyMatch(jumlah, jumlah_baucar_bayaran, false)",Chrome 73.0.3683.103,verify jumlah during semak is matching with jumlah during creation,2019-04-09 11:06:16,2019-04-09 11:06:16,0.002s,PASSED
"click(findTestObject(""Perolehan/006 Arahan Bayaran/004 Penyemak/button_Senarai_Semak""))",Chrome 73.0.3683.103,click on senarai semak button,2019-04-09 11:06:16,2019-04-09 11:06:16,0.107s,PASSED
delay(3),Chrome 73.0.3683.103,delay,2019-04-09 11:06:16,2019-04-09 11:06:19,3.001s,PASSED
"verifyElementChecked(findTestObject(""Perolehan/006 Arahan Bayaran/002 Inden Kerja - EFT/Senarai_semak_1""), 3)",Chrome 73.0.3683.103,verify element checked during semak is same as during create rekod baru,2019-04-09 11:06:19,2019-04-09 11:06:19,0.060s,PASSED
"verifyElementChecked(findTestObject(""Perolehan/006 Arahan Bayaran/002 Inden Kerja - EFT/Senarai_Semak_2""), 3)",Chrome 73.0.3683.103,verify element checked during semak is same as during create rekod baru,2019-04-09 11:06:19,2019-04-09 11:06:19,0.037s,PASSED
"verifyElementChecked(findTestObject(""Perolehan/006 Arahan Bayaran/002 Inden Kerja - EFT/Senarai_semak_3""), 3)",Chrome 73.0.3683.103,verify element checked during semak is same as during create rekod baru,2019-04-09 11:06:19,2019-04-09 11:06:19,0.050s,PASSED
"click(findTestObject(""Perolehan/006 Arahan Bayaran/004 Penyemak/button_X_Close_Senarai_Semak""))",Chrome 73.0.3683.103,close senarai semak window,2019-04-09 11:06:19,2019-04-09 11:06:19,0.066s,PASSED
"click(findTestObject(""Perolehan/006 Arahan Bayaran/004 Penyemak/button_Semak""))",Chrome 73.0.3683.103,click on semak button,2019-04-09 11:06:19,2019-04-09 11:06:19,0.089s,PASSED
"click(findTestObject(""Perolehan/006 Arahan Bayaran/004 Penyemak/button_Ya_Semak""))",Chrome 73.0.3683.103,click Ya to confirm semak record,2019-04-09 11:06:19,2019-04-09 11:06:20,0.074s,PASSED
delay(3),Chrome 73.0.3683.103,delay,2019-04-09 11:06:20,2019-04-09 11:06:23,3.003s,PASSED
"waitForElementClickable(findTestObject(""Perolehan/002 Penyedia_RekodBaru/001 Rekod Baru Pesanan Tempatan/button_OK_Rekod_Berjaya_disimpan""), 300)",Chrome 73.0.3683.103,wait for the element to be clickable,2019-04-09 11:06:23,2019-04-09 11:06:23,0.062s,PASSED
"element = findWebElement(findTestObject(""Perolehan/006 Arahan Bayaran/004 Penyemak/button_OK_berjaya_disemak""), 300)",Chrome 73.0.3683.103,declare object to find as an element,2019-04-09 11:06:23,2019-04-09 11:06:23,0.014s,PASSED
takeScreenshot(),Chrome 73.0.3683.103,take screenshot,2019-04-09 11:06:23,2019-04-09 11:06:23,0.333s,PASSED
delay(3),Chrome 73.0.3683.103,delay,2019-04-09 11:06:23,2019-04-09 11:06:26,3.002s,PASSED
"executeJavaScript(""arguments[0].click"", Arrays.asList(element))",Chrome 73.0.3683.103,click on the element using javascript,2019-04-09 11:06:26,2019-04-09 11:06:26,0.032s,PASSED
"click(findTestObject(""Perolehan/006 Arahan Bayaran/004 Penyemak/button_OK_berjaya_disemak""))",Chrome 73.0.3683.103,,2019-04-09 11:06:26,2019-04-09 11:06:26,0.070s,PASSED
closeBrowser(STOP_ON_FAILURE),Chrome 73.0.3683.103,,2019-04-09 11:06:26,2019-04-09 11:06:27,0.640s,PASSED
,,,,,,
Test Cases/Perolehan/007 Proses Baucar Bayaran/003 Pelulus Baucar Bayaran IK - EFT,Chrome 73.0.3683.103,Pelulus will process the baucar bayaran,2019-04-09 11:06:27,2019-04-09 11:08:22,1m - 55.207s,PASSED
reusablefunctions.reusablefunctions.openbrowser(),Chrome 73.0.3683.103,open browser and enter ispek URL,2019-04-09 11:06:27,2019-04-09 11:06:30,2.634s,PASSED
"reusablefunctions.reusablefunctions.Login(PelulusPTJ, findTestData(""ispekstestdata"").getValue(2, 7))",Chrome 73.0.3683.103,login into the system,2019-04-09 11:06:30,2019-04-09 11:06:41,11.344s,PASSED
"click(findTestObject(""Perolehan/TukarPeranan/IconTukarPeranan""))",Chrome 73.0.3683.103,Click on icon Tukar Peranan,2019-04-09 11:06:41,2019-04-09 11:06:41,0.095s,PASSED
"click(findTestObject(""Perolehan/TukarPeranan/input_TukarPeranan"", [""value"":RBPelulusPTJ]))",Chrome 73.0.3683.103,Click Radio Button Penyedia PTJ,2019-04-09 11:06:41,2019-04-09 11:06:41,0.119s,PASSED
"click(findTestObject(""Perolehan/TukarPeranan/button_Ya""))",Chrome 73.0.3683.103,Click Ya to confirm change of role,2019-04-09 11:06:41,2019-04-09 11:06:41,0.068s,PASSED
delay(20),Chrome 73.0.3683.103,,2019-04-09 11:06:41,2019-04-09 11:07:01,20.003s,PASSED
"verifyTextPresent(""Peranan : [Pelulus] Peringkat : [PTJ]"", false)",Chrome 73.0.3683.103,Verify Peranan is now Pelulus PTJ,2019-04-09 11:07:01,2019-04-09 11:07:04,2.520s,PASSED
"click(findTestObject(""Perolehan/007 Proses Baucar Bayaran/001 Pelulus PT/Menu_Sisi""))",Chrome 73.0.3683.103,click on menu sisi to expand menu selection,2019-04-09 11:07:04,2019-04-09 11:07:04,0.447s,PASSED
delay(3),Chrome 73.0.3683.103,delay,2019-04-09 11:07:04,2019-04-09 11:07:07,3.002s,PASSED
"click(findTestObject(""Perolehan/007 Proses Baucar Bayaran/001 Pelulus PT/Menu_Akaun Belum Bayar""))",Chrome 73.0.3683.103,select on sub-menu akaun belum bayar,2019-04-09 11:07:07,2019-04-09 11:07:07,0.079s,PASSED
delay(3),Chrome 73.0.3683.103,delay,2019-04-09 11:07:07,2019-04-09 11:07:10,3.002s,PASSED
"click(findTestObject(""Perolehan/007 Proses Baucar Bayaran/001 Pelulus PT/Menu_Expand_Baucar_Bayaran""))",Chrome 73.0.3683.103,expand baucar bayaran sub-menu,2019-04-09 11:07:10,2019-04-09 11:07:10,0.071s,PASSED
delay(3),Chrome 73.0.3683.103,delay,2019-04-09 11:07:10,2019-04-09 11:07:13,3.002s,PASSED
"click(findTestObject(""Perolehan/007 Proses Baucar Bayaran/001 Pelulus PT/Menu_Integrasi_Dalaman""))",Chrome 73.0.3683.103,select menu Integrasi dalaman,2019-04-09 11:07:13,2019-04-09 11:07:13,0.165s,PASSED
delay(3),Chrome 73.0.3683.103,delay,2019-04-09 11:07:13,2019-04-09 11:07:16,3.003s,PASSED
"setText(findTestObject(""Perolehan/007 Proses Baucar Bayaran/001 Pelulus PT/input_No_Rekod""), ArahanBayaranRekodID)",Chrome 73.0.3683.103,enter baucar bayaran rekod id into the filter field,2019-04-09 11:07:16,2019-04-09 11:07:17,0.349s,PASSED
delay(3),Chrome 73.0.3683.103,delay,2019-04-09 11:07:17,2019-04-09 11:07:20,3.002s,PASSED
"doubleClick(findTestObject(""Perolehan/007 Proses Baucar Bayaran/001 Pelulus PT/select_No_Rekod"", [""text"":ArahanBayaranRekodID]))",Chrome 73.0.3683.103,double click on the filter result,2019-04-09 11:07:20,2019-04-09 11:07:20,0.069s,PASSED
delay(3),Chrome 73.0.3683.103,delay,2019-04-09 11:07:20,2019-04-09 11:07:23,3.003s,PASSED
"kodpembekal = getText(findTestObject(""Perolehan/007 Proses Baucar Bayaran/002 Pelulus IK/pembekal_penerima - EFT"", [""text"":nama_pembekal_pemfaktoran]))",Chrome 73.0.3683.103,get the value of Nama Penerima,2019-04-09 11:07:23,2019-04-09 11:07:23,0.067s,PASSED
delay(3),Chrome 73.0.3683.103,,2019-04-09 11:07:23,2019-04-09 11:07:26,3.004s,PASSED
"verifyMatch(kodpembekal, nama_pembekal_pemfaktoran, false)",Chrome 73.0.3683.103,verify that nama penerima is what is set when filling in dengan pemfaktoran = Ya,2019-04-09 11:07:26,2019-04-09 11:07:26,0.005s,PASSED
"jumlahkeseluruhan = getText(findTestObject(""Perolehan/007 Proses Baucar Bayaran/001 Pelulus PT/jumlah_amaun""))",Chrome 73.0.3683.103,get text of amount from the screen,2019-04-09 11:07:26,2019-04-09 11:07:26,0.037s,PASSED
delay(15),Chrome 73.0.3683.103,delay,2019-04-09 11:07:26,2019-04-09 11:07:41,15.002s,PASSED
"verifyMatch(jumlahkeseluruhan, jumlah_baucar_bayaran, false)",Chrome 73.0.3683.103,verify that amount is a match,2019-04-09 11:07:41,2019-04-09 11:07:41,0.004s,PASSED
"click(findTestObject(""Perolehan/007 Proses Baucar Bayaran/001 Pelulus PT/button_Lulus""))",Chrome 73.0.3683.103,click on button Lulus to approve the record,2019-04-09 11:07:41,2019-04-09 11:07:41,0.153s,PASSED
delay(3),Chrome 73.0.3683.103,delay,2019-04-09 11:07:41,2019-04-09 11:07:44,3.002s,PASSED
"click(findTestObject(""Perolehan/007 Proses Baucar Bayaran/001 Pelulus PT/button_Ya_Lulus""))",Chrome 73.0.3683.103,click Ya to confirm approve,2019-04-09 11:07:44,2019-04-09 11:07:44,0.104s,PASSED
delay(3),Chrome 73.0.3683.103,delay,2019-04-09 11:07:44,2019-04-09 11:07:47,3.004s,PASSED
"No_Baucar = getText(findTestObject(""Perolehan/007 Proses Baucar Bayaran/001 Pelulus PT/div_Rekod Berjaya Diluluskan""))",Chrome 73.0.3683.103,Get text of No Baucar from the prompt,2019-04-09 11:07:47,2019-04-09 11:07:47,0.069s,PASSED
println(No_Baucar),Chrome 73.0.3683.103,print the text,2019-04-09 11:07:47,2019-04-09 11:07:47,0.001s,PASSED
Baucar_id = No_Baucar[(39..51)],Chrome 73.0.3683.103,take only the baucar ID which is from index 40 until 52,2019-04-09 11:07:47,2019-04-09 11:07:47,0.000s,PASSED
println(Baucar_id),Chrome 73.0.3683.103,print baucar id,2019-04-09 11:07:47,2019-04-09 11:07:47,0.001s,PASSED
Nombor_Baucar = Baucar_id,Chrome 73.0.3683.103,set global variable value of Nombor_Baucar with variable Baucar_id,2019-04-09 11:07:47,2019-04-09 11:07:47,0.000s,PASSED
delay(5),Chrome 73.0.3683.103,delay,2019-04-09 11:07:47,2019-04-09 11:07:52,5.004s,PASSED
"waitForElementClickable(findTestObject(""Perolehan/007 Proses Baucar Bayaran/001 Pelulus PT/button_Ya_Cetak""), 300)",Chrome 73.0.3683.103,wait for the element to be clickable,2019-04-09 11:07:52,2019-04-09 11:07:52,0.038s,PASSED
"element = findWebElement(findTestObject(""Perolehan/007 Proses Baucar Bayaran/001 Pelulus PT/button_Ya_Cetak""), 300)",Chrome 73.0.3683.103,declare object to find as an element,2019-04-09 11:07:52,2019-04-09 11:07:52,0.015s,PASSED
"executeJavaScript(""arguments[0].click"", Arrays.asList(element))",Chrome 73.0.3683.103,click on the element using javascript,2019-04-09 11:07:52,2019-04-09 11:07:52,0.021s,PASSED
"click(findTestObject(""Perolehan/007 Proses Baucar Bayaran/001 Pelulus PT/button_Ya_Cetak""))",Chrome 73.0.3683.103,click on Ya button to confirm cetak,2019-04-09 11:07:52,2019-04-09 11:08:14,21.321s,PASSED
switchToWindowIndex(1),Chrome 73.0.3683.103,switch to second tab to get screenshot of baucar bayaran after select cetak = Ya,2019-04-09 11:08:14,2019-04-09 11:08:14,0.025s,PASSED
delay(3),Chrome 73.0.3683.103,delay,2019-04-09 11:08:14,2019-04-09 11:08:17,3.003s,PASSED
waitForPageLoad(180),Chrome 73.0.3683.103,wait 180seconds  for the baucar bayaran page to load ,2019-04-09 11:08:17,2019-04-09 11:08:18,1.077s,PASSED
takeScreenshot(),Chrome 73.0.3683.103,take screenshot of baucar bayaran,2019-04-09 11:08:18,2019-04-09 11:08:18,0.345s,PASSED
switchToWindowIndex(0),Chrome 73.0.3683.103,switch back the tab to main tab,2019-04-09 11:08:18,2019-04-09 11:08:18,0.024s,PASSED
delay(3),Chrome 73.0.3683.103,delay,2019-04-09 11:08:18,2019-04-09 11:08:21,3.004s,PASSED
closeBrowser(),Chrome 73.0.3683.103,close the browser,2019-04-09 11:08:21,2019-04-09 11:08:22,0.666s,PASSED
,,,,,,
Test Cases/Perolehan/008 Posting Bayaran/001 Posting Bayaran - EFT,Chrome 73.0.3683.103,Posting Bayaran is done in CM to process the baucar with cara bayaran EFT,2019-04-09 11:08:22,2019-04-09 11:09:59,1m - 36.830s,PASSED
reusablefunctions.reusablefunctions.openbrowser(),Chrome 73.0.3683.103,open chrome browser and input ispek URL,2019-04-09 11:08:22,2019-04-09 11:08:25,2.655s,PASSED
"reusablefunctions.reusablefunctions.Login(PelulusPTJ, findTestData(""ispekstestdata"").getValue(2, 7))",Chrome 73.0.3683.103,login into the system,2019-04-09 11:08:25,2019-04-09 11:08:36,11.336s,PASSED
"click(findTestObject(""Perolehan/TukarPeranan/IconTukarPeranan""))",Chrome 73.0.3683.103,Click on icon Tukar Peranan,2019-04-09 11:08:36,2019-04-09 11:08:36,0.081s,PASSED
"click(findTestObject(""Perolehan/TukarPeranan/input_TukarPeranan"", [""value"":RBPelulusBN]))",Chrome 73.0.3683.103,Click Radio Button Penyedia PTJ,2019-04-09 11:08:36,2019-04-09 11:08:36,0.102s,PASSED
"click(findTestObject(""Perolehan/TukarPeranan/button_Ya""))",Chrome 73.0.3683.103,Click Ya to confirm change of role,2019-04-09 11:08:36,2019-04-09 11:08:36,0.072s,PASSED
delay(25),Chrome 73.0.3683.103,,2019-04-09 11:08:36,2019-04-09 11:09:01,25.003s,PASSED
"verifyTextPresent(""Peranan : [Pelulus] Peringkat : [BN]"", false)",Chrome 73.0.3683.103,Verify Peranan is now Pelulus BN,2019-04-09 11:09:01,2019-04-09 11:09:04,2.773s,PASSED
"click(findTestObject(""Perolehan/001 Left_Menu_Selection/a_ExpandMenuonLeft""))",Chrome 73.0.3683.103,expand menu sisi,2019-04-09 11:09:04,2019-04-09 11:09:05,0.455s,PASSED
delay(3),Chrome 73.0.3683.103,delay,2019-04-09 11:09:05,2019-04-09 11:09:08,3.004s,PASSED
"click(findTestObject(""Perolehan/001 Left_Menu_Selection/div_PanelTitlePengurusanTunai""))",Chrome 73.0.3683.103,select menu Pengurusan Tunai,2019-04-09 11:09:08,2019-04-09 11:09:08,0.097s,PASSED
delay(3),Chrome 73.0.3683.103,delay,2019-04-09 11:09:08,2019-04-09 11:09:11,3.004s,PASSED
"click(findTestObject(""Perolehan/001 Left_Menu_Selection/div_PostBayaran""))",Chrome 73.0.3683.103,select sub-menu post bayaran,2019-04-09 11:09:11,2019-04-09 11:09:11,0.164s,PASSED
delay(3),Chrome 73.0.3683.103,delay,2019-04-09 11:09:11,2019-04-09 11:09:14,3.002s,PASSED
"click(findTestObject(""Perolehan/008 Post Bayaran/Drop_down_No_Baucar""))",Chrome 73.0.3683.103,click on drop down no baucar,2019-04-09 11:09:14,2019-04-09 11:09:14,0.106s,PASSED
delay(3),Chrome 73.0.3683.103,delay,2019-04-09 11:09:14,2019-04-09 11:09:17,3.003s,PASSED
"setText(findTestObject(""Perolehan/008 Post Bayaran/input_No. Baucar_noBaucar""), Nombor_Baucar)",Chrome 73.0.3683.103,input no baucar that is saved in global variable,2019-04-09 11:09:17,2019-04-09 11:09:17,0.371s,PASSED
delay(3),Chrome 73.0.3683.103,delay,2019-04-09 11:09:17,2019-04-09 11:09:20,3.002s,PASSED
"click(findTestObject(""Perolehan/008 Post Bayaran/select_No_Baucar"", [""text"":Nombor_Baucar]))",Chrome 73.0.3683.103,click on the record after it has been filtered. only one record will be displayed based on no baucar entered,2019-04-09 11:09:20,2019-04-09 11:09:20,0.076s,PASSED
delay(3),Chrome 73.0.3683.103,delay,2019-04-09 11:09:20,2019-04-09 11:09:23,3.004s,PASSED
"click(findTestObject(""Perolehan/008 Post Bayaran/button_Cari""))",Chrome 73.0.3683.103,click on button cari,2019-04-09 11:09:23,2019-04-09 11:09:23,0.082s,PASSED
delay(23),Chrome 73.0.3683.103,delay,2019-04-09 11:09:23,2019-04-09 11:09:46,23.004s,PASSED
"check(findTestObject(""Perolehan/008 Post Bayaran/checkbox_proses""))",Chrome 73.0.3683.103,check on the checkbox which is located on the end of record ,2019-04-09 11:09:46,2019-04-09 11:09:47,0.128s,PASSED
"click(findTestObject(""Perolehan/008 Post Bayaran/button_proses""))",Chrome 73.0.3683.103,click button proses to process the record,2019-04-09 11:09:47,2019-04-09 11:09:47,0.276s,PASSED
delay(3),Chrome 73.0.3683.103,delay,2019-04-09 11:09:47,2019-04-09 11:09:50,3.004s,PASSED
"click(findTestObject(""Perolehan/008 Post Bayaran/button_Ya_Proses""))",Chrome 73.0.3683.103,click on Ya to confirm process,2019-04-09 11:09:50,2019-04-09 11:09:50,0.209s,PASSED
delay(3),Chrome 73.0.3683.103,delay,2019-04-09 11:09:50,2019-04-09 11:09:53,3.003s,PASSED
"button_ok = findWebElement(findTestObject(""Perolehan/008 Post Bayaran/button_OK""), 300)",Chrome 73.0.3683.103,declare object to find as an element,2019-04-09 11:09:53,2019-04-09 11:09:54,0.551s,PASSED
"executeJavaScript(""arguments[0].click"", Arrays.asList(button_ok))",Chrome 73.0.3683.103,click on the element using javascript,2019-04-09 11:09:54,2019-04-09 11:09:54,0.010s,PASSED
"verifyTextPresent(""Proses Posting Berjaya."", false)",Chrome 73.0.3683.103,verify that posting is successful,2019-04-09 11:09:54,2019-04-09 11:09:54,0.719s,PASSED
takeScreenshot(),Chrome 73.0.3683.103,take screenshot,2019-04-09 11:09:54,2019-04-09 11:09:55,0.336s,PASSED
"waitForElementClickable(findTestObject(""Perolehan/002 Penyedia_RekodBaru/001 Rekod Baru Pesanan Tempatan/button_OK_Rekod_Berjaya_disimpan""), 300)",Chrome 73.0.3683.103,wait for the element to be clickable,2019-04-09 11:09:55,2019-04-09 11:09:55,0.036s,PASSED
"element = findWebElement(findTestObject(""Perolehan/008 Post Bayaran/button_OK""), 300)",Chrome 73.0.3683.103,declare object to find as an element,2019-04-09 11:09:55,2019-04-09 11:09:55,0.016s,PASSED
"executeJavaScript(""arguments[0].click"", Arrays.asList(element))",Chrome 73.0.3683.103,click on the element using javascript,2019-04-09 11:09:55,2019-04-09 11:09:55,0.015s,PASSED
"click(findTestObject(""Perolehan/008 Post Bayaran/button_OK""))",Chrome 73.0.3683.103,click on ok button to close the prompt,2019-04-09 11:09:55,2019-04-09 11:09:55,0.269s,PASSED
delay(3),Chrome 73.0.3683.103,delay,2019-04-09 11:09:55,2019-04-09 11:09:58,3.003s,PASSED
closeBrowser(),Chrome 73.0.3683.103,close browser,2019-04-09 11:09:58,2019-04-09 11:09:59,0.667s,PASSED
,,,,,,
Test Cases/Perolehan/009 Penyedia Cetak Baucar Bayaran/001 Penyedia Cetak Baucar Bayaran,Chrome 73.0.3683.103,Penyedia will access AP and cetak baucar bayaran after the posting,2019-04-09 11:09:59,2019-04-09 11:11:11,1m - 12.022s,FAILED
reusablefunctions.reusablefunctions.openbrowser(),Chrome 73.0.3683.103,Open browser and get to ispek URL,2019-04-09 11:09:59,2019-04-09 11:10:02,3.369s,PASSED
"reusablefunctions.reusablefunctions.Login(PenyediaPTJ, findTestData(""ispekstestdata"").getValue(2, 4))",Chrome 73.0.3683.103,Login into the application,2019-04-09 11:10:02,2019-04-09 11:10:14,11.370s,PASSED
"click(findTestObject(""Perolehan/TukarPeranan/IconTukarPeranan""))",Chrome 73.0.3683.103,Click on icon Tukar Peranan,2019-04-09 11:10:14,2019-04-09 11:10:14,0.091s,PASSED
"click(findTestObject(""Perolehan/TukarPeranan/input_TukarPeranan"", [""value"":RBPenyediaPTJ]))",Chrome 73.0.3683.103,Click Radio Button Penyedia PTJ,2019-04-09 11:10:14,2019-04-09 11:10:14,0.102s,PASSED
"click(findTestObject(""Perolehan/TukarPeranan/button_Ya""))",Chrome 73.0.3683.103,Click Ya to confirm change of role,2019-04-09 11:10:14,2019-04-09 11:10:14,0.067s,PASSED
delay(20),Chrome 73.0.3683.103,,2019-04-09 11:10:14,2019-04-09 11:10:34,20.002s,PASSED
"verifyTextPresent(""Peranan : [Penyedia] Peringkat : [PTJ]"", false)",Chrome 73.0.3683.103,Verify Peranan is now Penyedia PTJ,2019-04-09 11:10:34,2019-04-09 11:10:37,2.680s,PASSED
"click(findTestObject(""Perolehan/001 Left_Menu_Selection/a_ExpandMenuonLeft""))",Chrome 73.0.3683.103,Expand menu sisi,2019-04-09 11:10:37,2019-04-09 11:10:37,0.464s,PASSED
delay(3),Chrome 73.0.3683.103,Delay,2019-04-09 11:10:37,2019-04-09 11:10:40,3.002s,PASSED
"click(findTestObject(""Perolehan/001 Left_Menu_Selection/Menu_Akaun Belum Bayar""))",Chrome 73.0.3683.103,click on menu akaun belum bayar,2019-04-09 11:10:40,2019-04-09 11:10:40,0.073s,PASSED
delay(3),Chrome 73.0.3683.103,delay,2019-04-09 11:10:40,2019-04-09 11:10:43,3.002s,PASSED
"click(findTestObject(""Perolehan/001 Left_Menu_Selection/div_Carian_Akaun_Belum_Bayar""))",Chrome 73.0.3683.103,click on menu carian akaun belum bayar to retrieve the baucar id that is previously processed,2019-04-09 11:10:43,2019-04-09 11:10:43,0.244s,PASSED
delay(3),Chrome 73.0.3683.103,delay,2019-04-09 11:10:43,2019-04-09 11:10:46,3.002s,PASSED
"click(findTestObject(""Perolehan/009 Penyedia Cetak Baucar Bayaran/Drop_down_Jenis_Carian""))",Chrome 73.0.3683.103,click on drop down jenis carian,2019-04-09 11:10:46,2019-04-09 11:10:46,0.077s,PASSED
"click(findTestObject(""Perolehan/009 Penyedia Cetak Baucar Bayaran/Select_No_Baucar""))",Chrome 73.0.3683.103,select carian by nombor baucar,2019-04-09 11:10:46,2019-04-09 11:10:47,0.201s,PASSED
"setText(findTestObject(""Perolehan/009 Penyedia Cetak Baucar Bayaran/Input_No_Baucar""), Nombor_Baucar)",Chrome 73.0.3683.103,input no baucar that is a global variable baucar id,2019-04-09 11:10:47,2019-04-09 11:10:47,0.115s,PASSED
"click(findTestObject(""Perolehan/009 Penyedia Cetak Baucar Bayaran/button_Cari""))",Chrome 73.0.3683.103,click on button cari to search for the record,2019-04-09 11:10:47,2019-04-09 11:10:47,0.086s,PASSED
delay(10),Chrome 73.0.3683.103,delay,2019-04-09 11:10:47,2019-04-09 11:10:57,10.002s,PASSED
"click(findTestObject(""Perolehan/009 Penyedia Cetak Baucar Bayaran/button_Cetak""))",Chrome 73.0.3683.103,click on button cetak to print the baucar again,2019-04-09 11:10:57,2019-04-09 11:10:57,0.190s,PASSED
delay(5),Chrome 73.0.3683.103,delay,2019-04-09 11:10:57,2019-04-09 11:11:02,5.002s,PASSED
switchToWindowIndex(1),Chrome 73.0.3683.103,,2019-04-09 11:11:02,2019-04-09 11:11:02,0.015s,PASSED
delay(5),Chrome 73.0.3683.103,delay,2019-04-09 11:11:02,2019-04-09 11:11:07,5.001s,PASSED
takeScreenshot(),Chrome 73.0.3683.103,take the screen shot of the document loaded,2019-04-09 11:11:07,2019-04-09 11:11:11,3.692s,FAILED
